smiles,mean,std,n
B12B3B4B1C234,51.88,0.0,1
BrB(Br)Br,-238.49,0.0,1
BrC(=O)c1ccccc1,-107.3,0.0,1
BrC(Br)(Br)C=O,-88.7,0.0,1
BrC(Br)=O,-145.0,0.0,1
BrC(Br)Br,9.4,0.0,1
BrC1CCCCC1Br,-160.5,0.0,1
BrCC=C,16.5,4.9497,2
BrCCCCBr,-140.1,0.0,1
BrCCCCCBr,-163.0,0.0,1
BrCc1ccccc1,22.6667,7.0238,3
Br[Si](Br)(Br)Br,-457.31,0.0,1
Brc1cccc2ccccc12,111.6,0.0,1
Brc1ccccc1,59.75,1.6263,2
C#CC1(CC1)C#C,500.9,0.0,1
C#CC1CC1,261.1,0.0,1
C#CCNCC#C,429.7,0.0,1
C(NCc1ccccc1)c2ccccc2,97.1,0.0,1
C(S\C=C\SCc1ccccc1)c2ccccc2,136.6,0.0,1
C(c1ccccc1)c2ccccc2,94.37,4.7285,3
C/1=C/C=C\C=C/C=C1,254.5,0.0,1
C/C(O)=C/C(C)=O,-426.3,0.0,1
C1C2C1C3C4C(C5CC5C46CC6)C2C37CC7,316.5,0.0,1
C1C2C3CC4C1C4C23,138.2,0.0,1
C1C2CC2C3CC13,112.7,0.0,1
C1C2CC3C4CC(C5CC45)C3C12,127.5,0.0,1
C1C=CC2CC12,120.0,0.0,1
C1C=CC2CC1C=C2,120.0,0.0,1
C1C=CCC=C1,67.9,2.5456,2
C1C=CC[C@@H]2C=CC[C@H]12,64.3,0.0,1
C1C=Cc2ccccc12,110.3,0.4243,2
C1CC1(c2ccccc2)c3ccccc3,185.0,0.0,1
C1CC12C3(CC3)C24CC4,381.5,0.0,1
C1CC12CC23CC3,267.8,0.0,1
C1CC12CC23CC34CC4,387.8,0.0,1
C1CC12CC23CC34CC45CC5,488.6,0.0,1
C1CC1C#CC#CC2CC2,503.6,0.0,1
C1CC1C2CC2,96.0,0.0,1
C1CC1c2ccccc2,100.2,0.0,1
C1CC2C=CC12,261.1,0.0,1
C1CC2CC1C3C4CC(C5CC45)C23,25.8,0.0,1
C1CC2CC1C3CC4CC4C23,3.8,0.0,1
C1CC2CC1C=C2,29.7,0.0,1
C1CC2CC2C1,5.0,0.0,1
C1CC2CCC(C1)O2,-9.54,0.0,1
C1CC2CCC1O2,-223.9,0.0,1
C1CC2CCCN2C1,-48.3,0.0,1
C1CC2OC2C1,-130.8,0.0,1
C1CC=C2CCC2=C1,181.0,0.0,1
C1CC=CC1,4.56,0.4101,2
C1CC=CC=C1,71.41,0.0,1
C1CC=CCCC=C1,24.0,0.0,1
C1CC=CCN1,33.0,0.0,1
C1CC=CO1,-103.02,0.0,1
C1CC=CS1,52.9,0.0,1
C1CCC(=CC1)c2ccccc2,170.0,0.0,1
C1CCC(C1)C2CCCC2,-179.3,0.0,1
C1CCC(CC1)C2CCCCC2,-274.85,2.192,2
C1CCC(CC1)N2CCCCC2,-205.4,0.0,1
C1CCC(CC1)NC2CCCCC2,-226.8,0.0,1
C1CCC(CC1)c2ccccc2,-77.85,1.7678,2
C1CCC2(C1)CCCC2,-144.0,0.0,1
C1CCC2(CC1)CCCC2,-200.0,0.0,1
C1CCC2CC2C1,-31.5,6.364,2
C1CCC2CC2CC1,-60.0,0.0,1
C1CCC2CCC2C1,-68.0,0.0,1
C1CCC2CCCC2CC1,-183.9,0.0,1
C1CCC2OC2C1,-165.65,0.495,2
C1CCC2OC2CC1,-197.5,0.0,1
C1CCC=CC1,-38.85,1.2369,4
C1CCCC1,-105.75,0.2121,2
C1CCCC2(CC1)CCCCC2,-252.7,0.4243,2
C1CCCCC1,-156.7667,0.8145,3
C1CCCCCC1,-156.4,0.0,1
C1CCCCCCC1,-169.4,0.0,1
C1CCCNCC1,-89.3,0.0,1
C1CCCSCC1,-113.0,0.0,1
C1CCC[C@@H]2C[C@@H]2CC1,-75.35,6.1267,4
C1CCN(CC1)C2=CCCCC2,-99.83,0.0,1
C1CCN(CC1)C2CCCC2,-150.4,0.0,1
C1CCNC1,-41.1,0.1414,2
C1CCNCC1,-87.27,1.1738,2
C1CCOCC1,-255.0,0.0,1
C1CCSC1,-72.95,0.2121,2
C1CCSCC1,-106.1,0.1414,2
C1CC[C@@H]2CCCC[C@@H]2C1,-219.7,0.2828,2
C1CC[C@@H]2CCC[C@@H]2C1,-173.3,0.0,1
C1CC[C@@H]2NCCC[C@H]2C1,-190.8,0.0,1
C1CC[C@H]2CCCC[C@@H]2C1,-229.7,1.4142,2
C1CC[C@H]2CCC[C@@H]2C1,-176.4,0.0,1
C1CC[C@H]2C[C@H]2CC1,-49.6,0.0,1
C1CCc2ccccc2C1,-30.6,2.8284,2
C1CCc2ncccc2C1,13.4,0.0,1
C1CN(C1)CCc2ccccc2,122.0,0.0,1
C1CN1,91.9,0.0,1
C1CNc2ccccc2C1,16.7,0.0,1
C1CO1,-95.7,0.0,1
C1COC(O1)c2ccccc2,-267.4,0.0,1
C1COC=CC1,-147.73,0.0,1
C1COCCN1,-186.7,0.0,1
C1COCCO1,-354.315,1.1526,2
C1COCCOCCOCCO1,-696.8,0.0,1
C1COCCOCCOCCOCCO1,-879.1,0.0,1
C1COCO1,-337.2,0.0,1
C1COCOC1,-380.925,4.4925,4
C1COCOCCO1,-516.0,0.0,1
C1COc2ccccc2C1,-139.1,0.0,1
C1CS1,52.0,0.0,1
C1CSC1,24.6,0.8485,2
C1C[C@@H]2[C@H]1[C@@H]3CC[C@H]23,193.0,0.0,1
C1C[C@@H]2[C@H]1[C@H]3CC[C@@H]23,169.0,0.0,1
C1C[C@H]2CCC[C@@H]2C1,-109.0,0.0,1
C1C[C@H]2CCC[C@H]2C1,-136.0,0.0,1
C1Cc2cc3CCc3cc12,310.0,0.0,1
C1Cc2ccccc12,155.7,0.0,1
C1Cc2ccccc2C1,11.3667,0.5774,3
C1Cc2ccccc2CO1,-120.2,0.0,1
C1Cc2ccccc2O1,-99.78,0.0,1
C1OC1COc2ccccc2,-175.765,8.8176,2
C1OCc2ccccc12,-83.83,0.0,1
C1SCC=C1,47.3,0.0,1
C1[C@@H]([C@H]1c2ccccc2)c3ccccc3,166.0,0.0,1
C1[C@H]([C@H]1c2ccccc2)c3ccccc3,179.0,0.0,1
C1[C@H]2C=C[C@H]1[C@@H]3C[C@H]23,170.6,0.0,1
C1c2ccccc1cccc2,254.0,0.0,1
C=C1C2CCC2C1=C,276.0,0.0,1
C=C1C2CCC=CC12,209.1,0.0,1
C=C1CC(=O)O1,-233.1,0.0,1
C=C1CC2CCC1C2,-4.1,0.0,1
C=C1CC2CCC1CC2,-54.4,0.0,1
C=C1CCCC1,-20.2,0.0,1
C=CC#N,143.55,5.0205,2
C=CC(=C)C(=C)C=C,220.0,0.0,1
C=CC1CC1,102.5,0.0,1
C=CC1CC2CC1C=C2,115.3667,0.9815,3
C=CC1CCC=CC1,29.7,0.0,1
C=CC1CCCC1,-34.8,0.0,1
C=CC1CCCCC1,-88.78,0.0,1
C=CC=C,90.5,0.0,1
C=CCC#N,117.7,0.0,1
C=CCC1CCCC1,-66.0,0.0,1
C=CCN1CCCCC1,-36.4,0.0,1
C=CCOC(=O)c1ccccc1C(=O)OCC=C,-551.1,1.8385,2
C=CCOc1ccccc1,-37.7,0.0,1
C=COc1ccccc1,-26.0,0.0,1
C=CSC=C,67.7,0.0,1
C=C[C@@H]1CC2CC1C=C2,114.8,0.0,1
C=C[C@H]1CC2CC1C=C2,114.8,0.0,1
C=C[S](=O)(=O)C=C,-210.05,4.1719,2
C=C[S](=O)C=C,-26.2,0.0,1
C=Cc1ccccn1,157.0,0.0,1
C=Cc1occc1,-10.0,0.0,1
CBr,-60.6,0.0,1
CC#CC#CC,335.2,0.0,1
CC#CC#CC1CC1,432.8,0.0,1
CC#N,35.98,6.4771,2
CC(=C)C#C,231.0,0.0,1
CC(=C)C#CC#CC(C)=C,444.0,0.0,1
CC(=C)C(=O)OCC1CO1,-455.4,0.0,1
CC(=C)C(O)=O,-417.25,3.4648,2
CC(=C)C=O,-138.6,0.0,1
CC(=C)OC(C)=O,-386.2,0.0,1
CC(=C)c1ccc(C)cc1C,-23.0,0.0,1
CC(=O)/C(O)=C/c1ccccc1,330.0,0.0,1
CC(=O)C(=O)Cc1ccccc1,-310.0,0.0,1
CC(=O)C(C)(C)C,-328.54,0.0,1
CC(=O)C1CC1,-154.7,0.0,1
CC(=O)C=O,-309.0,0.0,1
CC(=O)CC(=O)C(F)(F)F,-1040.2,0.0,1
CC(=O)CC(=O)c1ccccc1,-340.0,0.0,1
CC(=O)CC(C)(C)O,-592.8,0.0,1
CC(=O)Cc1ccccc1,-155.5667,6.0078,3
CC(=O)N(C(C)=O)C(C)=O,-610.49,0.0,1
CC(=O)OC(C)(C)C,-554.5,0.0,1
CC(=O)OC(C)(C)OC(C)=O,-887.3,0.0,1
CC(=O)OC(C)=O,-625.0,0.0,1
CC(=O)OC1CCCCC1,-558.9,0.0,1
CC(=O)OC1COCC1OC(C)=O,-978.0,0.0,1
CC(=O)OC=C,-348.4,3.3941,2
CC(=O)OCC(CO)OC(C)=O,-1120.7,0.0,1
CC(=O)OCC(COC(C)=O)OC(C)=O,-1330.8,0.0,1
CC(=O)OCC(O)CO,-903.53,0.0,1
CC(=O)OCC([N+]([O-])=O)([N+]([O-])=O)[N+]([O-])=O,-451.0,0.0,1
CC(=O)OCOC(C)=O,-837.04,0.0,1
CC(=O)OOC(C)=O,-535.0,0.0,1
CC(=O)O[C@@H]1COC[C@H]1OC(C)=O,-980.6,0.0,1
CC(=O)O[CH]1C[C](=[CH2])C1,-484.5,0.0,1
CC(=O)O[N+]([O-])=O,-331.0,0.0,1
CC(=O)Oc1ccccc1,-330.4,6.2225,2
CC(=O)c1c(C)cc(C)cc1C,-267.0,0.0,1
CC(=O)c1cc(C)c(C)cc1C,-252.0,0.0,1
CC(=O)c1ccccc1,-142.5,0.0,1
CC(Br)=O,-224.65,1.9092,2
CC(Br)CCBr,-147.8,0.0,1
CC(Br)CCCBr,-173.2,0.0,1
CC(C(C)=O)C(C)=O,-437.0,0.0,1
CC(C)(Br)CBr,-153.55,4.3134,2
CC(C)(C#C)C#C,348.7,0.0,1
CC(C)(C(O)=O)C(O)=O,-797.1,0.0,1
CC(C)(C)/C=C/c1ccccc1,-22.6,0.0,1
CC(C)(C)C,-189.25,1.4849,2
CC(C)(C)C#C,78.0667,0.3786,3
CC(C)(C)C#CC#CC(C)(C)C,156.1,0.0,1
CC(C)(C)C#N,-39.9,0.0,1
CC(C)(C)C(=O)C#Cc1ccccc1,-1.2,0.1414,2
CC(C)(C)C(=O)C(C)(C)C,-391.2,0.0,1
CC(C)(C)C(=O)CC(=O)C(C)(C)C,-587.8,0.1414,2
CC(C)(C)C(=O)c1ccccc1,-208.8,0.0,1
CC(C)(C)C(C)(C)Cl,-290.0,0.0,1
CC(C)(C)CC(=O)C(C)(C)C,-442.7,0.0,1
CC(C)(C)CC(=O)CC(C)(C)C,-474.1,0.0,1
CC(C)(C)CC(C)(C)N=NC(C)(C)C,-173.0,0.0,1
CC(C)(C)COCO,-480.6,0.0,1
CC(C)(C)CS,-165.1,0.0,1
CC(C)(C)Cl,-211.2,0.0,1
CC(C)(C)N(F)F,-221.0,0.0,1
CC(C)(C)N(F)[N+]([O-])=O,-131.0,0.0,1
CC(C)(C)N=NC(C)(C)C,-75.1,0.5657,2
CC(C)(C)N=[N+]([O-])C(C)(C)C,-153.5,0.0,2
CC(C)(C)O,-358.1667,1.8771,3
CC(C)(C)OC(=O)C(F)(F)F,-1135.0,0.0,1
CC(C)(C)OC(C)(C)C,-400.0167,1.8113,3
CC(C)(C)OC=O,-493.0,0.0,1
CC(C)(C)OCC1CO1,-369.3333,0.5774,3
CC(C)(C)ON=O,-206.0,0.0,1
CC(C)(C)OO,-294.0,0.0,1
CC(C)(C)OOC(=O)/C=C/C(=O)OCC=C,-673.2,0.0,1
CC(C)(C)OOC(=O)CCC(=O)OCC=C,-817.0,0.0,1
CC(C)(C)OOC(C)(C)C,-382.2667,2.3692,3
CC(C)(C)OOC(C)(C)C#CC=C,-28.9,0.0,1
CC(C)(C)OOC(C)(C)CCC(C)(C)O,-695.9,0.0,1
CC(C)(C)OOC(C)(C)CCC(C)(C)OO,-636.0,0.0,1
CC(C)(C)OOC(C)(C)c1ccccc1,-263.0,0.0,1
CC(C)(C)OOCC(O)CO,-719.2,0.0,1
CC(C)(C)OOCC1CO1,-319.0,0.0,2
CC(C)(C)S,-140.5,0.0,1
CC(C)(C)SC(C)(C)C,-232.5,0.2828,2
CC(C)(C)SCC=C,-90.7,0.0,1
CC(C)(C)SSC(C)(C)C,-252.0,1.4142,2
CC(C)(C)\C=C/c1ccccc1,-31.8,0.0,1
CC(C)(C)c1cc(Cl)cc(c1)C(C)(C)C,-229.0,0.0,1
CC(C)(C)c1cc(cc(c1)C(C)(C)C)C(C)(C)C,-306.8,0.0,1
CC(C)(C)c1ccc(Cl)c(c1)C(C)(C)C,-206.0,0.0,1
CC(C)(C)c1ccc(Cl)cc1,-108.0,0.0,1
CC(C)(C)c1ccc(cc1)C(=O)c2ccccc2,-136.0,0.0,1
CC(C)(C)c1ccc(cc1)C(C)(C)C,-188.9,0.0,1
CC(C)(C)c1ccc2ccccc2c1,-26.3,0.0,1
CC(C)(C)c1cccc(Cl)c1,-109.0,0.0,1
CC(C)(C)c1cccc(c1)C(C)(C)C,-187.4,0.0,1
CC(C)(C)c1cccc(c1O)c2ccccc2,-164.0,0.0,1
CC(C)(C)c1ccccc1,-70.8,0.0,1
CC(C)(C)c1ccccc1Cl,-87.0,0.0,1
CC(C)(C)c1ccccc1O,-280.0,0.0,1
CC(C)(CCC(C)(C)C#C)C#C,211.1,0.0,1
CC(C)(CN(F)F)N(F)F,-260.3,0.0,1
CC(C)(Cl)Cl,-206.0,0.0,1
CC(C)(Cl)c1ccccc1,-76.0,0.0,1
CC(C)(N)CN,-134.0,0.0,1
CC(C)(O)C#CC=C,-14.6,0.0,1
CC(C)(O)C#N,-120.9,0.0,1
CC(C)(O)C(C)(C)O,-606.3,0.0,1
CC(C)(O)C(C)(C)OC=O,-732.3,0.0,1
CC(C)(O)C1(C)OCCCO1,-709.0,0.0,1
CC(C)(O)C=C,-181.7,0.0,1
CC(C)(O)CO,-540.0,0.0,1
CC(C)(OO)C#CC=C,63.6,0.0,1
CC(C)(OO)c1ccccc1,-149.0,0.0,1
CC(C)=C(C)C,-102.9,0.0,1
CC(C)=CC(C)=O,-219.99,1.4001,2
CC(C)=CC=C(C)C,-63.12,0.0,1
CC(C)=CCCC(C)=CC=CC(C)=O,-213.4,0.0,1
CC(C)=CCCC(\C)=C\C=C\C(C)=O,-261.5,0.0,1
CC(C)=NNc1ccccc1,-161.3,0.0,1
CC(C)=O,-249.4,0.0,1
CC(C)Br,-129.05,0.0707,2
CC(C)C#N,-13.0,1.1314,2
CC(C)C(=O)C(C)(C)C,-381.6,0.0,1
CC(C)C(=O)C(C)C,-352.9,0.0,1
CC(C)C(=O)CC(=O)C(C)(C)C,-568.25,0.2121,2
CC(C)C(=O)CC(=O)C(C)C,-527.05,0.3536,2
CC(C)C(C)(C)C,-237.45,0.7778,2
CC(C)C(C)(C)Cl,-262.0,0.0,1
CC(C)C(C)(C)O,-411.0,0.0,1
CC(C)C(C)(C)S,-187.2,0.0,1
CC(C)C(C)(O)c1ccccc1,-278.7,0.0,1
CC(C)C(C)=C,-95.1,0.0,1
CC(C)C(C)=O,-299.47,0.0,1
CC(C)C(C)C,-207.0,0.0,1
CC(C)C(C)C(C)C,-255.2,0.0,1
CC(C)C(C)O,-368.25,2.3335,2
CC(C)C(C)S,-158.4,0.0,1
CC(C)C1CCC(=CC1)C,-159.8,0.0,1
CC(C)C1CCc2ccc(C)cc12,-113.0,0.0,1
CC(C)C1COC1=O,-422.2,0.0,1
CC(C)C=C,-51.6,0.0,1
CC(C)C=O,-248.15,1.4012,4
CC(C)CBr,-160.0,0.0,1
CC(C)CC(=O)CC(C)C,-408.6,0.0,1
CC(C)CC(=O)c1ccccc1,-220.2,0.0,1
CC(C)CC(C)(C)C,-259.3,0.0,1
CC(C)CC(C)(C)Cl,-277.0,0.0,1
CC(C)CC(C)C,-236.5,2.1213,2
CC(C)CC(C)C(C)C,-284.0,0.0,1
CC(C)CC(C)O,-394.7,0.0,1
CC(C)CC(O)=O,-561.6,0.0,1
CC(C)CC=C,-78.22,0.0,1
CC(C)CCC(C)(C)C,-293.3,0.0,1
CC(C)CCC(C)C,-260.5,0.0,1
CC(C)CCCC(C)CCCC(C)(O)C#C,-338.7333,1.5011,3
CC(C)CCCC(C)CCCC(C)=O,-556.7,0.0,1
CC(C)CCCC(C)CCCC(C)CCCC(C)(O)C#C,-434.3667,5.8312,3
CC(C)CCCC(C)CCCC(C)CCCC(C)=O,-628.75,3.7477,2
CC(C)CCCC(C)CCCC(C)CCCCC(C)CCCC(C)CCCC(C)C,-865.05,0.495,2
CC(C)CCCC(C)CCCC(\C)=C\C=C\C(C)=O,-449.3,2.4042,2
CC(C)CCC[C@H](C)CCC[C@H](C)CCC[C@@]1(C)CCc2c(C)c(OC(C)=O)c(C)c(C)c2O1,-1094.8,0.0,1
CC(C)CCCl,-208.0,0.0,1
CC(C)CCN,-210.0,0.0,1
CC(C)CCN(CCC(C)C)CCC(C)C,-342.0,0.0,1
CC(C)CCNCCC(C)C,-248.0,0.0,1
CC(C)CCO,-356.15,0.3536,2
CC(C)CCOC(=O)C(C)Cl,-627.2,0.0,1
CC(C)CCOC(=O)C(Cl)(Cl)Cl,-581.2,0.0,1
CC(C)CCOC(=O)C(Cl)Cl,-575.3,0.0,1
CC(C)CCOC(=O)CC(C)Cl,-644.3,0.0,1
CC(C)CCOC(=O)CCCCl,-656.5,0.0,1
CC(C)CCOC(=O)CCCl,-593.3,0.0,1
CC(C)CCOC(=O)CCl,-571.5,0.0,1
CC(C)CCOCC1CO1,-384.0,0.0,1
CC(C)CCS,-154.1,0.0,1
CC(C)CCSCCC(C)C,-282.0,0.0,1
CC(C)CN(CC(C)C)CC(C)C,-332.0,0.0,1
CC(C)CN/N=C/C(C)C,-58.2,0.0,1
CC(C)CNCC(C)C,-226.6667,8.7689,3
CC(C)CO,-334.3,0.6083,3
CC(C)COC(=O)C(C)C,-587.4,0.0,1
CC(C)COC(=O)C(C)Cl,-603.3,0.0,1
CC(C)COC(=O)C(Cl)(Cl)Cl,-554.0,0.0,1
CC(C)COC(=O)C(Cl)Cl,-554.0,0.0,1
CC(C)COC(=O)CC(C)Cl,-623.4,0.0,1
CC(C)COC(=O)CCC=C,-488.0,0.0,1
CC(C)COC(=O)CCCCCCCC(=O)OCC(C)C,-1177.9,0.0,1
CC(C)COC(=O)CCCCl,-630.5,0.0,1
CC(C)COC(=O)CCCl,-572.8,0.0,1
CC(C)COC(C)(C)C,-409.1,0.0,2
CC(C)COCC1CO1,-357.7,0.0,1
CC(C)CON=O,-186.0,0.0,1
CC(C)CS,-132.0,0.0,1
CC(C)CSCC(C)C,-229.0,0.0,1
CC(C)CSSCC(C)C,-232.8,0.0,1
CC(C)C[C@@H](N)C(O)=O,-648.9,0.0,1
CC(C)C[S](=O)(=O)CC(C)C,-625.17,0.0,1
CC(C)Cc1ccccc1,-69.9,0.0,1
CC(C)I,-74.9,0.0,1
CC(C)N,-112.3,0.0,1
CC(C)N(C#N)C(C)C,-51.42,0.0,1
CC(C)N=C=NC(C)C,-20.8,0.0,1
CC(C)N=NC(C)C,-0.1,0.0,1
CC(C)NC(C)C,-174.7,5.2326,2
CC(C)NN=C(C)C,-21.3,0.0,1
CC(C)O,-317.9667,0.8737,3
CC(C)OC(=O)C(Cl)(Cl)Cl,-536.4,0.0,1
CC(C)OC(=O)CCC=C,-464.0,0.0,1
CC(C)OC(C)(C)C,-393.0,0.0,1
CC(C)OC(C)=O,-526.9,0.0,1
CC(C)OC(C)C,-351.5,0.0,1
CC(C)OC(C)OC(C)C,-569.2,0.0,1
CC(C)OC=C,-205.0,0.0,1
CC(C)OCC1CO1,-342.9,0.0,1
CC(C)ON=O,-164.0,0.0,1
CC(C)O[N+]([O-])=O,-228.0,2.8284,2
CC(C)S,-106.6,0.0,1
CC(C)SC(C)C,-181.55,0.6364,2
CC(C)[C@H]1CO[C@@H](OC1)C(C)C,-601.0,0.0,1
CC(C)[C@H]1CO[C@H](OC1)C(C)C,-625.0,0.0,1
CC(C)[N+]([O-])=O,-181.75,2.0506,2
CC(C)[S](C)(=O)=O,-503.8,0.0,1
CC(C)\C=C/C(C)C,-151.1,0.0,1
CC(C)\C=C\C(C)C,-159.3,0.0,1
CC(C)c1cc(C(C)C)c(O)c(c1)C(C)C,-390.0,0.0,1
CC(C)c1cc(C)cc(C(C)C)c1Cl,-194.0,0.0,1
CC(C)c1cc(C)ccc1Cl,-111.6,0.0,1
CC(C)c1cc(C)ccc1O,-280.0,0.0,1
CC(C)c1cc(Cl)c(cc1C)C(C)C,-193.6,0.0,1
CC(C)c1cc(Cl)cc(C(C)C)c1C,-183.0,0.0,1
CC(C)c1cc(Cl)cc(c1)C(C)C,170.0,0.0,1
CC(C)c1cc(Cl)ccc1C,-108.0,0.0,1
CC(C)c1ccc(C(C)C)c(Cl)c1,-165.0,0.0,1
CC(C)c1ccc(C(C)C)c(O)c1,-330.0,0.0,1
CC(C)c1ccc(C)c(O)c1,-270.0,0.0,1
CC(C)c1ccc(C)cc1,-78.2,0.2828,2
CC(C)c1ccc(Cl)c(c1)C(C)C,-163.5,0.0,1
CC(C)c1ccc(Cl)cc1,-77.9,0.0,1
CC(C)c1ccc(O)c(C)c1,-280.0,0.0,1
CC(C)c1ccc(O)c(c1)C(C)C,-310.0,0.0,1
CC(C)c1ccc(cc1)C(=O)c2ccccc2,-119.0,0.0,1
CC(C)c1ccc(cc1)C(C)(C)OOC(C)(C)C,-352.1,0.0,1
CC(C)c1ccc(cc1)C(C)C,-132.3,0.0,1
CC(C)c1ccc(cc1)C2CC2,14.0,0.0,1
CC(C)c1cccc(C(C)C)c1O,-330.0,0.0,1
CC(C)c1cccc(C)c1,-78.45,0.3536,2
CC(C)c1cccc(C)c1O,-270.0,0.0,1
CC(C)c1cccc(O)c1,-260.0,0.0,1
CC(C)c1cccc(c1)C(C)C,-132.3,0.0,1
CC(C)c1cccc(c1O)C(C)(C)C,-330.0,0.0,1
CC(C)c1cccc2cccc(C)c12,2.9,0.0,1
CC(C)c1ccccc1,-41.2,0.0,1
CC(C)c1ccccc1C,-74.7,1.9799,2
CC(C)c1ccccc1Cl,-76.3333,2.6558,3
CC(C)c1ccccc1O,-230.0,0.0,1
CC(C)c1sccc1,-11.6,0.0,1
CC(C=O)=CCC1C(=CCCC1(C)C)C,227.2,0.0,1
CC(CBr)CBr,-141.8,0.0,1
CC(CC(C)O[N+]([O-])=O)O[N+]([O-])=O,-386.0,0.0,1
CC(CCO)CC(C)(C)C,-456.9,0.0,1
CC(CN)C#N,-68.3,0.0,1
CC(Cl)(Cl)Cl,-176.1,2.0944,4
CC(Cl)([N+]([O-])=O)[N+]([O-])=O,-156.0,0.0,1
CC(Cl)=O,-273.7333,1.6166,3
CC(Cl)CCCl,-238.15,1.2021,2
CC(Cl)Cl,-163.3,0.0,1
CC(Cl)c1ccccc1,-58.24,0.0,1
CC(F)([N+]([O-])=O)[N+]([O-])=O,-303.0,0.0,1
CC(F)=O,-466.5633,3.6531,3
CC(I)([N+]([O-])=O)[N+]([O-])=O,-28.0,0.0,1
CC(I)=O,-164.9667,2.3094,3
CC(N(C)C)C(=O)c1ccccc1,-134.7,0.0,1
CC(N(F)F)C(C)(C)N(F)F,-244.8,0.0,1
CC(N)CC#N,-51.3,0.0,1
CC(N)CN,-97.8,0.0,1
CC(N=[N+]=[N-])([N+]([O-])=O)[N+]([O-])=O,196.0,0.0,1
CC(O)(C=C)C#C,-181.9,0.0,1
CC(O)=O,-484.78,1.5337,4
CC(O)C(C)O,-543.3,2.1213,2
CC(O)C(C)[N+]([O-])=O,-390.3,0.0,1
CC(O)CCO,-508.05,9.9702,2
CC(O)CO,-495.7667,8.4654,3
CC(OC(C)=O)C(C)OC(C)=O,-916.3,0.0,1
CC(OC(C)=O)OC(C)=O,-871.5,0.0,1
CC(S)=O,-217.9,1.9799,2
CC/C=C/C,-59.18,1.3189,4
CC1(C)CC1,-33.3,0.0,1
CC1(C)CC1(C)C,-119.8,0.0,1
CC1(C)CCC(C)(C)N=N1,-7.9,0.0,1
CC1(C)CCCC(C)(C)N1,-206.9,0.0,1
CC1(C)CCCC1,-172.1,0.0,1
CC1(C)CCCCCC(C)(C)CCC1,-328.6,0.0,1
CC1(C)CCCCCCC(C)(C)CC1,-338.1,0.0,1
CC1(C)CCc2ccccc12,-53.65,0.2121,2
CC1(C)COC(C)(OC1)c2ccccc2,-414.52,0.0,1
CC1(C)COC1,-182.2,0.0,1
CC1(C)COC1=O,-395.1,0.0,1
CC1(C)COCOC1,-461.3,0.0,1
CC1(C)CS1,-24.0,0.0,1
CC1(C)OCCCO1,-468.9,0.0,1
CC1(Cl)CCCC1,-198.0,0.0,1
CC1(Cl)CCCCC1,-246.0,0.0,1
CC12CC1(C)C2,161.0,0.0,1
CC12CCC(C)(CC1)C2,-167.5,0.0,1
CC12CCC(CC1)C2,-130.9,0.0,1
CC12CCC(CC1=O)C2,-252.0,0.0,1
CC12CCCC1C2,-33.2,0.0,1
CC12CCCCC1C2,-60.0,0.0,1
CC1=C(C)C2(C)C(=C(C)C12C)C,-90.4,0.0,1
CC1=CC2C(CC1)C2(C)C,-22.6,0.0,1
CC1=CC2CCC1C2,4.4,0.0,1
CC1=CC2CCC1CC2,-62.0,0.0,1
CC1=CCCC1,-37.15,1.0607,2
CC1=CCCO1,-165.0,0.0,1
CC1=CC[C@H]2[C@@H](C1)C2(C)C,-29.5,0.0,1
CC1=C[S](=O)(=O)c2ccccc12,214.0,0.0,1
CC1=NCCO1,-169.5,0.0,1
CC1CC(C)(C)OCO1,-500.6,0.0,1
CC1CC1,1.7,0.0,1
CC1CC1(C)C,-96.19,0.0,1
CC1CC=CC1,-17.7,0.0,1
CC1CCC(=CC1)C(C)C,-156.8,0.0,1
CC1CCC(=O)O1,-461.3,0.0,1
CC1CCC2CCC(C)N12,-114.4,0.0,1
CC1CCC=C1,-24.9,0.0,1
CC1CCC=CC1,-75.0,0.0,1
CC1CCCC(C)(C)CC1,-255.9,0.0,1
CC1CCCC1,-138.6333,1.0693,3
CC1CCCCC1,-192.75,3.6062,2
CC1CCCCN1,-124.9,0.0,1
CC1CCCS1,-105.1,0.0,1
CC1CCOC(C)(C)O1,-500.9,0.0,1
CC1CCOCO1,-416.85,1.0607,2
CC1CCSC1,-102.7,0.0,1
CC1CCc2c(C)ccc(C)c2C1,-135.6,0.0,1
CC1COCOC1C,-451.7,0.0,1
CC1OC(C)OC(C)O1,-681.8,0.0,1
CC1OC=C(C)O1,-458.0,0.0,1
CC1OCC(=C)O1,-420.2,0.0,1
CC1OCCCO1,-436.5,0.0,1
CC1OCCO1,-385.1,0.0,1
CC1SC1(C)C,-61.0,0.0,1
CC1SC1C,-24.0,0.0,1
CC=C(C)C,-68.35,0.3536,2
CC=C1CCCC1,-56.82,0.0,1
CC=CC=O,-143.2,4.2226,3
CC=NO,-71.58,0.0,1
CC=O,-196.4,0.0,1
CCBr,-95.5,0.0,1
CCC,-119.8,0.0,1
CCC#N,15.5,0.0,1
CCC(/C)=C/C,-94.495,0.6152,2
CCC(=C)C(O)=O,-445.4,0.0,1
CCC(=C)C=O,-168.0,0.0,1
CCC(=C)CC,-87.2,0.0,1
CCC(=O)C(C)(C)C,-356.1,0.0,1
CCC(=O)C(C)C,-325.9,0.0,1
CCC(=O)CC,-296.51,0.0,1
CCC(=O)CC(=O)C(C)(C)C,-527.45,0.495,2
CCC(=O)CC(C)=O,-505.0,0.0,1
CCC(=O)OOC(=O)CC,-620.1,0.0,1
CCC(=O)c1ccccc1,-167.2,0.0,1
CCC(Br)CBr,-143.85,4.3134,2
CCC(Br)CCBr,-170.8,0.0,1
CCC(C(C)C)C(C)C,-269.7,0.0,1
CCC(C)(Br)Br,-135.7,0.0,1
CCC(C)(C)C,-213.4,0.0,1
CCC(C)(C)C(C)C,-253.7,0.0,1
CCC(C)(C)CC,-236.8,3.1113,2
CCC(C)(C)CC(C)C,-280.2,0.0,1
CCC(C)(C)Cl,-235.0,0.0,1
CCC(C)(C)O,-379.5,0.0,1
CCC(C)(C)OC,-341.79,0.0,1
CCC(C)(C)OC(C)=O,-581.8,0.0,1
CCC(C)(C)OCC1CO1,-392.0,0.0,1
CCC(C)(C)ON=O,-251.0,0.0,1
CCC(C)(C)OOC(C)(C)CC,-599.6,0.0,1
CCC(C)(C)OOCCO,-534.2,0.0,1
CCC(C)(C)S,-162.6,0.0,1
CCC(C)(CC)CC,-253.0,0.0,1
CCC(C)(Cl)CC,-260.0,0.0,1
CCC(C)(O)CC,-404.9,0.0,1
CCC(C)=C,-60.96,0.0,1
CCC(C)=O,-276.15,4.0305,2
CCC(C)Br,-155.65,0.495,2
CCC(C)C,-178.75,0.7778,2
CCC(C)C#N,-40.03,0.0,1
CCC(C)C(=O)OC,-534.3,0.0,1
CCC(C)C(C)(C)C,-257.1,0.0,1
CCC(C)C(C)(C)CC,-277.5,0.0,1
CCC(C)C(C)C,-233.25,0.3536,2
CCC(C)C(C)CC,-252.0,0.0,1
CCC(C)C(O)=O,-554.5,0.0,1
CCC(C)CC,-202.0,0.0,1
CCC(C)CC(C)(C)C,-282.8,0.0,1
CCC(C)CC(C)C,-257.2,0.0,1
CCC(C)CO,-356.6,0.0,1
CCC(C)CS,-154.1,0.0,1
CCC(C)Cl,-198.43,0.0,1
CCC(C)N(F)[N+]([O-])=O,-162.0,0.0,1
CCC(C)NC(C)CC,-227.7,0.0,1
CCC(C)O,-342.6333,0.0577,3
CCC(C)OC(=O)C=CC,-474.0,0.0,1
CCC(C)OC(C)(C)C,-420.3,0.0,1
CCC(C)OC(C)CC,-401.6,0.0,1
CCC(C)ON=O,-188.0,0.0,1
CCC(C)S,-131.0,0.0,1
CCC(C)[N+]([O-])=O,-207.6,0.0,1
CCC(C)c1ccc(O)cc1,-256.4,0.0,1
CCC(C)c1ccccc1,-66.0,0.0,1
CCC(C)c1ccccc1O,-251.3,0.0,1
CCC(CC)(CC)C(CC)(CC)CC,-329.9,0.0,1
CCC(CC)C(C)(C)C,-272.7,0.0,1
CCC(CC)C(C)C,-249.7,0.0,1
CCC(CC)CC,-225.85,1.2021,2
CCC(CN(F)F)N(F)F,-228.4,0.0,1
CCC(Cl)(Cl)[N+]([O-])=O,-228.0,0.0,1
CCC(Cl)C(=O)OCC(C)C,-661.5,0.0,1
CCC(Cl)C(=O)OCCC(C)C,-684.1,0.0,1
CCC(Cl)CCl,-231.8,0.5657,2
CCC(N)CN,-120.2,0.0,1
CCC(NCCN)NCCN,-100.0,0.0,1
CCC(O)=NC,-320.1,0.0,1
CCC(O)=O,-510.4,0.5657,2
CCC(O)C(C)C,-396.4,0.0,1
CCC(O)CC,-369.6,0.9899,2
CCC(O)CO,-523.8,0.0,1
CCC(OC)(OC)OC,-634.2,0.0,1
CCC([N+]([O-])=O)[N+]([O-])=O,-166.8,5.374,2
CCC/C=C/C,-84.23,2.1608,4
CCC/C=C/CC,-108.85,0.6364,2
CCC1(C)CCCC1,-193.8,0.0,1
CCC1(C)CCCCC1,-240.2,0.0,1
CCC1(CCl)COC1,-243.0,0.0,1
CCC1=CCCC1,-58.37,0.0,1
CCC1=CCCCC1,-106.8,0.0,1
CCC1=NCCO1,-193.1,0.0,1
CCC1CC1,-24.8,0.0,1
CCC1CC1(C)C,-90.4,0.0,1
CCC1CC2CCC1C2,-140.3,0.0,1
CCC1CCC1,-58.95,0.0,1
CCC1CCCC1,-164.65,1.6263,2
CCC1CCCCC1,-212.6,0.5657,2
CCC1CO1,-168.9,0.0,1
CCC=O,-218.925,2.5198,4
CCCBr,-124.4,0.0,1
CCCC#N,-5.8,0.0,1
CCCC(=O)CC,-320.13,0.0,1
CCCC(=O)OC(C)(C)CC,-624.8,0.0,1
CCCC(=O)OC(C)CC,-592.0,0.0,1
CCCC(=O)OC1CCCCC1,-605.7,0.0,1
CCCC(=O)OCC,-528.4,0.0,1
CCCC(=O)OCC1CO1,-560.4,0.0,1
CCCC(=O)OOC(=O)CCC,-673.6,0.0,1
CCCC(=O)c1ccccc1,-188.8,0.0,1
CCCC(Br)CBr,-164.8,0.0,1
CCCC(C#N)N(CC)CC,-61.9,0.0,2
CCCC(C)(C)C,-240.35,2.3335,2
CCCC(C)(C)C(C)C,-281.1,0.0,1
CCCC(C)(C)CC,-257.7,0.0,1
CCCC(C)(C)Cl,-264.0,0.0,1
CCCC(C)(C)S,-187.9,0.0,1
CCCC(C)(OC)C#N,-217.9,0.0,1
CCCC(C)=O,-297.3,0.0,1
CCCC(C)C,-204.3,0.0,1
CCCC(C)C(C)(C)C,-282.7,0.0,1
CCCC(C)C(C)C,-252.8,0.0,1
CCCC(C)CC,-227.7,0.4243,2
CCCC(C)CCC,-251.8,0.0,1
CCCC(C)O,-366.2333,0.9609,3
CCCC(CC)CC,-250.5,0.0,1
CCCC(O)=O,-533.92,0.0,1
CCCC(O)CC,-390.3,0.0,1
CCCC(O)CCC,-416.3,0.0,1
CCCC(O)CO,-546.7,0.0,1
CCCC/C=C/C,-110.2,1.3,3
CCCC1CC1(C)C,-116.4,0.0,1
CCCC1CCCC1,-188.95,0.3536,2
CCCC1CCCCC1,-237.95,0.6364,2
CCCC1COC1=O,-452.6,0.0,1
CCCC=C,-49.0,0.0,1
CCCC=O,-240.625,3.316,4
CCCCBr,-145.9,2.9698,2
CCCCC,-173.3,0.2828,2
CCCCC#N,-33.2,0.0,1
CCCCC(=O)CCCC,-398.2,0.0,1
CCCCC(=O)OC,-520.6,9.051,2
CCCCC(=O)OC(C)C,-592.0,0.0,1
CCCCC(=O)OC(C)CC,-624.0,0.0,1
CCCCC(=O)OCC,-553.6667,0.5132,3
CCCCC(=O)OCC(C)C,-620.0,0.0,1
CCCCC(C(=O)OCC)(C(=O)OCC)C(=O)OCC,-1343.2,0.0,1
CCCCC(C)(C)C,-262.0,0.0,1
CCCCC(C)(CCCC)C#N,-193.0,0.0,1
CCCCC(C)=O,-322.0,0.0,1
CCCCC(C)C,-230.4,0.8485,2
CCCCC(C)CC,-252.5,0.0,1
CCCCC(C)CCCC,-307.9,0.0,1
CCCCC(C)O,-391.5,2.8827,3
CCCCC(CC)C(O)=O,-635.1,0.0,1
CCCCC(CC)C=O,-348.6,0.0,1
CCCCC(CC)CO,-432.88,0.0,1
CCCCC(O)=O,-557.848,6.4923,5
CCCCC(O)CC,-416.8,0.0,1
CCCCC(O)CO,-577.1,0.0,1
CCCCC([N+]([O-])=O)[N+]([O-])=O,-217.0,0.0,1
CCCCC1CCCC1,-214.3,0.0,1
CCCCC1CCCCC1,-263.2,0.0,1
CCCCC=C,-73.0,0.0,1
CCCCCBr,-170.4,0.0,1
CCCCCC,-198.75,0.0707,2
CCCCCC#CC(O)=N,-188.1,0.0,1
CCCCCC(=NF)N(F)F,-224.1,0.0,1
CCCCCC(=O)CCCCC,-448.1,0.0,1
CCCCCC(=O)OC,-540.2,0.0,1
CCCCCC(=O)OCC,-579.1,0.0,1
CCCCCC(C#N)C#N,68.74,0.0,1
CCCCCC(C)(C)C,-288.2,0.0,1
CCCCCC(C)C,-255.2,0.0,1
CCCCCC(C)O,-416.9,0.0,1
CCCCCC(CC)OC(=O)c1ccccc1C(=O)OC(CC)CCCCC,-1084.0,0.0,1
CCCCCC(O)=O,-583.6867,1.9422,3
CCCCCC=C,-97.69,0.6851,3
CCCCCCBr,-194.5,0.0,1
CCCCCCC,-225.15,1.0607,2
CCCCCCC#N,-82.8,0.0,1
CCCCCCC(=O)OC,-567.1,0.0,1
CCCCCCC(=O)OCC,-603.8,0.0,1
CCCCCCC(N(F)F)N(F)F,-271.0,0.0,1
CCCCCCC(O)=O,-609.995,2.1142,2
CCCCCCC1CC1(C)C,-193.0,0.0,1
CCCCCCC1CCC(=O)O1,-559.0,0.0,1
CCCCCCC=C,-121.8,0.0,1
CCCCCCC=O,-312.0,0.0,1
CCCCCCCBr,-218.6,0.0,1
CCCCCCCC,-250.15,0.2121,2
CCCCCCCC#N,-107.4,0.0,1
CCCCCCCC(=O)OCC,-629.5,0.0,1
CCCCCCCC(C)=O,-397.2,0.0,1
CCCCCCCC(C)C,-309.8,0.0,1
CCCCCCCC(O)=O,-635.845,1.4779,2
CCCCCCCC1CCCCC1,-353.0,0.0,1
CCCCCCCCBr,-245.2,0.0,1
CCCCCCCCC,-274.7,0.0,1
CCCCCCCCC(=O)OCC,-653.9,0.0,1
CCCCCCCCC(C)[N+]([O-])=O,-351.0,0.0,1
CCCCCCCCC(O)=O,-659.955,2.7648,2
CCCCCCCCC=C,-173.8,0.0,1
CCCCCCCCCC,-301.0,0.0,1
CCCCCCCCCC#N,-158.4,0.0,1
CCCCCCCCCC(=O)OCC,-679.6,0.0,1
CCCCCCCCCCC,-327.2,0.0,1
CCCCCCCCCCC#N,-184.5,0.0,1
CCCCCCCCCCC(=O)OCC,-705.4,0.0,1
CCCCCCCCCCC(C)=O,-476.1,0.0,1
CCCCCCCCCCC(CCCCCCCCCC)C1CCCCC1,-690.3,0.5657,2
CCCCCCCCCCC(CCCCCCCCCC)CCCCCCCCCC,-847.8,7.9196,2
CCCCCCCCCCC1CCCC1,-368.2,0.0,1
CCCCCCCCCCC1CCCCC1,-418.4,0.0,1
CCCCCCCCCCC=C,-226.2,0.0,1
CCCCCCCCCCCC,-350.7,1.9799,2
CCCCCCCCCCCC(CCCC)CCCCCCCCCC,-717.6,0.0,1
CCCCCCCCCCCC(CCCCCCCC)C1CCCCC1,-674.1,0.0,1
CCCCCCCCCCCC(CCCCCCCC)c1ccccc1,-476.0,0.0,1
CCCCCCCCCCCCBr,-344.7,0.0,1
CCCCCCCCCCCCC,-377.7,0.0,1
CCCCCCCCCCCCC(CCCCCCCCCCCC)C1CCCCC1,-792.7,0.0,1
CCCCCCCCCCCCC1CCCCC1,-467.6,0.0,1
CCCCCCCCCCCCCC,-403.3,0.0,1
CCCCCCCCCCCCCC#N,-260.1,0.0,1
CCCCCCCCCCCCCCC,-428.8,0.0,1
CCCCCCCCCCCCCCC=C,-329.0667,1.6258,3
CCCCCCCCCCCCCCCC,-456.2,0.1414,2
CCCCCCCCCCCCCCCC(=O)OC,-1441.8,0.0,1
CCCCCCCCCCCCCCCC(O)=O,-848.4,0.0,1
CCCCCCCCCCCCCCCCBr,-444.5,0.0,1
CCCCCCCCCCCCCCCCC,-479.5,0.0,1
CCCCCCCCCCCCCCCCC1CCCC2(CCCC2)C1,-590.4,0.0,1
CCCCCCCCCCCCCCCCCC,-505.4,0.0,1
CCCCCCCCCCCCCCCCCC(CC)C1CCCCC1,-666.2,0.0,1
CCCCCCCCCCCCCCCCCC(CCCC)CCCC,-715.5,0.0,1
CCCCCCCCCCCCCCCCCC(O)=O,-891.0,0.0,1
CCCCCCCCCCCCCCCCCCC,-530.9,0.0,1
CCCCCCCCCCCCCCCCCCCC,-556.5,0.0,1
CCCCCCCCCCCCCCCCCCCCCC1CCCC1,-648.6,0.0,1
CCCCCCCCCCCCCCCCCCCCCc1ccccc1,-507.45,0.9192,2
CCCCCCCCCCCCCCCCCCCl,-544.2,0.0,1
CCCCCCCCCCCCCCCO[S](O)(=O)=O,-1175.0,0.0,1
CCCCCCCCCCCCCCF,-606.51,0.0,1
CCCCCCCCCCCCCl,-392.3,0.0,1
CCCCCCCCCCCCF,-553.19,0.0,1
CCCCCCCCCCCCO,-528.5,0.0,1
CCCCCCCCCCCO,-504.9,0.0,1
CCCCCCCCCCCO[S](O)(=O)=O,-1061.0,0.0,1
CCCCCCCCCCN(CCCCCCCCCC)CCCCCCCCCC,-738.0,0.0,1
CCCCCCCCCCO,-482.51,4.1991,4
CCCCCCCCCCOC,-443.4,0.0,1
CCCCCCCCCCOC(=O)C(=C)C#N,-415.6,0.0,1
CCCCCCCCCCS,-276.4,0.0,1
CCCCCCCCCCc1ccccc1,-219.1,0.0,1
CCCCCCCCCF,-474.3,0.0,1
CCCCCCCCCO,-458.425,3.2704,4
CCCCCCCCCl,-291.3,0.0,1
CCCCCCCCN,-228.1,0.0,1
CCCCCCCCN(CCCCCCCC)CCCCCCCC,-586.4,1.5556,2
CCCCCCCCN=[N+]=[N-],96.7,0.0,1
CCCCCCCCNCCCCCCCC,-407.3,0.0,1
CCCCCCCCO,-428.7,4.3528,4
CCCCCCCC\C=C/CCCCCCCC(=O)OC,-727.64,0.0,1
CCCCCCCC\C=C/CCCCCCCC(O)=O,-764.8,0.0,1
CCCCCCCC\C=C\CCCCCCCC(=O)OC,-731.7,0.0,1
CCCCCCCC\C=C\CCCCCCCC(O)=O,-769.0,0.0,1
CCCCCCCN,-266.0,0.0,1
CCCCCCCN=[N+]=[N-],121.0,0.0,1
CCCCCCCS,-200.5,0.0,1
CCCCCCN,-239.0,0.0,1
CCCCCCN(CCCCCC)CCCCCC,-433.3,0.0,1
CCCCCCN=[N+]=[N-],151.0,0.0,1
CCCCCCO,-382.125,4.5843,4
CCCCCCS,-175.7,0.0,1
CCCCCC[C@@H]1CO[C@H](C)OC1,-632.2,0.0,1
CCCCCC[C@@H]1OC[C@H](C)CO1,-646.0,0.0,1
CCCCCC[C@H]1CO[C@H](C)OC1,-569.0,0.0,1
CCCCCC[C@H]1OC[C@H](C)CO1,-580.0,0.0,1
CCCCCC\C=C/CCCCCCCC(=O)OC,-674.29,0.0,1
CCCCCC\C=C/CCCCCCCC(O)=O,-713.4,0.0,1
CCCCCC\C=C\CCCCCCCC(=O)OC,-665.38,0.0,1
CCCCCCl,-212.7,0.9899,2
CCCCCN=[N+]=[N-],151.0,0.0,1
CCCCCO,-354.618,3.2531,5
CCCCCOCC(O)COC(C)(C)C,-818.0,0.0,1
CCCCCOCC(O)COOC(C)(C)C,-771.1,0.0,1
CCCCCOCC1CO1,-367.0,0.0,1
CCCCCOCCCCC,-435.2,0.0,1
CCCCCS,-151.45,0.7778,2
CCCCCSC,-167.0,0.0,1
CCCCCSCCCCC,-267.0,0.0,1
CCCCC[N+]([O-])=O,-215.0,0.0,1
CCCCC\C=C/C/C=C\CCCCCCCC(=O)OC,-604.88,0.0,1
CCCCC\C=C/C/C=C\CCCCCCCC(O)=O,-634.7,0.0,1
CCCCC\C=C\C\C=C\CCCCCCCC(=O)OC,-617.01,0.0,1
CCCCC\C=C\C\C=C\CCCCCCCC(O)=O,-640.2,0.0,1
CCCCCl,-188.2,0.0,1
CCCCN(CCCC)CCCC,-281.8,0.0,1
CCCCN(CCO[N+]([O-])=O)[N+]([O-])=O,-192.47,0.0,1
CCCCN(F)[N+]([O-])=O,-167.0,0.0,1
CCCCN/N=C/CCC,-43.9,0.0,1
CCCCN1CCCCC1,-171.8,0.0,1
CCCCN=CC(C)C,-133.0,0.0,1
CCCCN=NC,42.5,0.0,1
CCCCN=NCCCC,-35.05,7.1418,2
CCCCNC,-141.2,0.0,1
CCCCNC(C)C,-203.2,0.0,1
CCCCNCC(C)C,-216.0,0.0,1
CCCCNCC(C)C#N,-78.5,0.0,1
CCCCNCCCC,-209.2,4.3841,2
CCCCO,-328.0,0.0,1
CCCCOC,-290.5,0.0,1
CCCCOC(=O)/C=C/CC,-495.0,0.0,1
CCCCOC(=O)C(C)(C)C,-616.4,0.0,1
CCCCOC(=O)C(C)=C,-413.1,0.0,1
CCCCOC(=O)C(C)CC,-609.5,0.0,1
CCCCOC(=O)C(C)Cl,-572.0,0.0,1
CCCCOC(=O)C(Cl)(Cl)Cl,-546.4,0.0,1
CCCCOC(=O)C(Cl)CC,-655.2,0.0,1
CCCCOC(=O)C(Cl)Cl,-550.2,0.0,1
CCCCOC(=O)C/C=C/C,-487.0,0.0,1
CCCCOC(=O)C=C,-425.5,4.1012,2
CCCCOC(=O)C=CC,-468.0,0.0,1
CCCCOC(=O)CC(C)Cl,-610.9,0.0,1
CCCCOC(=O)CCC=C,-480.0,0.0,1
CCCCOC(=O)CCCC,-613.0,0.0,1
CCCCOC(=O)CCCCl,-618.0,0.0,1
CCCCOC(=O)CCCl,-558.1,0.0,1
CCCCOC(=O)CCl,-538.0,0.0,1
CCCCOC(=O)c1cc(C(=O)OCCCC)c(cc1C(=O)OCCCC)C(=O)OCCCC,-1752.6,0.0,1
CCCCOC(=O)c1ccccc1C(=O)OCCCC,-778.0,0.0,1
CCCCOC(C)(C)C,-403.3,0.0,1
CCCCOC(C)(C)C#CC=C,-62.4,0.0,1
CCCCOC(C)(C)CC,-428.34,0.0,1
CCCCOC(C)=O,-609.6,0.0,1
CCCCOC(CC)OCCCC,-608.6,0.0,1
CCCCOC=C,-217.4,2.2627,2
CCCCOCC1CO1,-345.0,0.0,2
CCCCOCCCC,-377.8,0.2828,2
CCCCOCOCCCC,-549.0,0.0,1
CCCCON=O,-182.0,0.0,1
CCCCO[S](=O)(=O)OCCCC,-904.4,0.0,1
CCCCO[S](=O)OCCCC,-692.9,0.0,1
CCCCO[S](O)(=O)=O,-887.0,0.0,1
CCCCSC,-142.6,0.5292,3
CCCCSCC,-172.0,0.0,1
CCCCSCCCC,-220.6,0.1414,2
CCCCSSCCCC,-222.9,0.0,1
CCCC[C@@H]1CO[C@H](C)OC1,-610.0,0.0,1
CCCC[C@@H]1OC[C@H](C)CO1,-661.0,0.0,1
CCCC[C@H]1CO[C@H](C)OC1,-549.0,0.0,1
CCCC[C@H]1OC[C@H](C)CO1,-615.0,0.0,1
CCCC[N+]([O-])=O,-192.6,0.0,1
CCCC[S](C)(=O)=O,-535.84,0.0,1
CCCC\C=C/C,-105.5,0.5657,2
CCCCc1ccccc1,-63.4,0.7071,2
CCCI,-65.7,0.0,1
CCCN(CC#C)CC#C,377.0,0.0,1
CCCN(CCC)CC#C,84.0,0.0,1
CCCN(CCC)CCC,-206.9,0.0,1
CCCN(CCC)N=C,13.0,0.0,1
CCCN(CCC)N=C(C)C,-63.6,0.0,1
CCCN(CCC)N=CCC,-49.4,0.0,1
CCCN1CCCCC1,-147.0,0.0,1
CCCN=NCCC,16.75,7.4246,2
CCCN=[N+]([O-])CCC,-82.7,0.0,2
CCCNCCC,-155.4,1.1314,2
CCCNN=C(C)C,-6.3,0.0,1
CCCNN=C(CCC)CCC,-107.1,0.0,1
CCCNN=CCC,7.5,0.0,1
CCCO,-303.788,1.6437,5
CCCOC,-265.96,0.0,1
CCCOC(=O)/C=C/C,-443.0,0.0,1
CCCOC(=O)/C=C/CC,-465.0,0.0,1
CCCOC(=O)C(Cl)(Cl)Cl,-513.4,0.0,1
CCCOC(=O)C(Cl)CC,-630.9,0.0,1
CCCOC(=O)C/C=C/C,-454.0,0.0,1
CCCOC(=O)CC#N,-343.0,0.0,1
CCCOC(=O)CC(C)Cl,-590.4,0.0,1
CCCOC(=O)CCC=C,-447.0,0.0,1
CCCOC(=O)CCCCl,-591.6,0.0,1
CCCOC(=O)CCCl,-537.6,0.0,1
CCCOC(=O)CCl,-516.0,0.0,1
CCCOC(Cl)=O,-533.4,0.0,1
CCCOC=C,-191.0,0.0,1
CCCOCC,-303.6,0.0,1
CCCOCC(O)COC(C)(C)C,-774.0,0.0,1
CCCOCC(O)COOC(C)(C)C,-725.0,0.0,1
CCCOCC1CO1,-319.9,0.0,1
CCCOCCC,-330.95,3.0406,2
CCCON=O,-151.0,0.0,1
CCCO[N+]([O-])=O,-215.0,0.0,1
CCCO[S](=O)(=O)OCCC,-858.7,0.0,1
CCCO[S](=O)OCCC,-646.6,0.0,1
CCCS,-100.6,0.0,1
CCCSCC,-144.7,0.1414,2
CCCSCCC,-169.8,0.0,1
CCCSSCCC,-171.5,0.0,1
CCC[N+]([O-])=O,-167.8,0.9165,3
CCC[S](=O)(=O)CCC,-548.19,0.0,1
CCC[S](=O)CCC,-329.0,0.0,1
CCC\C=C(\CC)C=O,-261.3,0.0,1
CCC\C=C/C,-81.13,2.9375,4
CCC\C=C/CC,-104.45,0.2121,2
CCCc1ccc(C)cc1,-75.35,0.3536,2
CCCc1cccc(C)c1,-75.8,0.5657,2
CCCc1ccccc1,-38.4,0.0,1
CCCc1ccccc1C,-72.9,0.5657,2
CCCl,-137.0,0.0,1
CCI,-37.8667,2.4906,3
CCN,-84.5,0.0,1
CCN(CC)C#N,15.8,0.0,2
CCN(CC)C(=S)SC,-104.0,0.0,1
CCN(CC)C(C)=O,-335.4,0.0,1
CCN(CC)C(C)C(=O)c1ccccc1,-195.7,0.0,1
CCN(CC)C=C(C)C,-105.0,0.0,1
CCN(CC)CC#N,16.1,0.0,1
CCN(CC)CC(=O)c1ccccc1,-167.7,0.0,1
CCN(CC)CC(C)=O,-281.0,0.0,1
CCN(CC)SSN(CC)CC,-122.2,0.0,1
CCN(CC)[N+]([O-])=O,-106.0,0.0,1
CCN(CC)[S](=O)(=O)N(CC)CC,-635.5,0.0,1
CCN(CC)[S](=O)N(CC)CC,-322.6,0.0,1
CCN(N=C(C)C)C(C)C,-53.1,0.0,1
CCN(O)CC,-174.75,0.0,1
CCN=C(SC)SC,-13.2,0.0,1
CCNCC,-131.0,0.0,1
CCNCc1ccccc1,-36.0,0.0,1
CCNc1cccc(C)c1,-29.5,0.0,1
CCO,-276.0,0.0,1
CCOC(=O)/C=C/C,-420.0,0.0,1
CCOC(=O)/C=C/CC,-442.0,0.0,1
CCOC(=O)C#CCC,-302.0,0.0,1
CCOC(=O)C(=C)C=C,-338.0,0.0,1
CCOC(=O)C(=O)OCC,-808.725,1.4213,2
CCOC(=O)C(C(=O)OCC)C(=O)OCC,-1252.3,0.0,1
CCOC(=O)C(C(C)=O)C(C)=O,-789.5,0.0,1
CCOC(=O)C(C)(C(=O)OCC)C(=O)OCC,-1271.6,0.0,1
CCOC(=O)C(C)(C)C,-572.0,7.3539,2
CCOC(=O)C(C)C#N,-370.54,0.0,1
CCOC(=O)C(C)CC,-560.4,0.0,1
CCOC(=O)C(CC)N(CC)CC,-561.9,0.0,1
CCOC(=O)C/C=C/C,-434.5,3.5355,2
CCOC(=O)CC,-504.145,2.0435,2
CCOC(=O)CC#CC,-287.0,0.0,1
CCOC(=O)CC#N,-330.3,0.0,1
CCOC(=O)CC(=O)OCC,-986.6,0.0,1
CCOC(=O)CC(C)C,-571.3,0.0,1
CCOC(=O)CCC#C,-282.0,0.0,1
CCOC(=O)CCC=C,-431.0,0.0,1
CCOC(=O)CCCCl,-566.5,0.0,1
CCOC(=O)CN(C)C,-454.72,0.0,1
CCOC(=O)C[N+]([O-])=O,-487.0,0.0,1
CCOC(=O)N(C)c1ccccc1,-380.5,4.9497,2
CCOC(=O)N(CC)CC,-592.3,0.0,1
CCOC(=O)\C=C/CC,-441.0,0.0,1
CCOC(C)(C)C,-350.8,0.0,1
CCOC(C)(C)CC,-379.8,0.0,1
CCOC(C)(C)OCC,-538.5,0.0,1
CCOC(C)(OCC)c1ccccc1,-441.4,0.0,1
CCOC(C)(OCC)n1ccnc1,-368.9,0.0,1
CCOC(C)=O,-480.3125,1.335,4
CCOC(C)C([N+]([O-])=O)([N+]([O-])=O)[N+]([O-])=O,-276.8,0.0,1
CCOC(COC)n1ccnc1,-329.3,0.0,1
CCOC(Cl)=O,-497.3,0.0,1
CCOC(O)=N,-497.3,0.0,1
CCOC(OCC)(OCC)OCC,-916.8,3.1113,2
CCOC(OCC)OCC,-680.625,4.8072,4
CCOC(OCC)SCC,-487.6,0.0,1
CCOC1=C(OCC)C(=O)C1=O,-552.1,0.0,1
CCOC1OC(C)(C)C(C)(C)O1,-727.5,0.0,1
CCOC=C,-167.25,0.9192,2
CCOCC,-271.2,0.0,1
CCOCC#N,-113.85,3.0406,2
CCOCC(=O)CC,-440.0,0.0,1
CCOCC(=O)OCC,-639.5,0.0,1
CCOCC(O)=O,-648.4,0.0,1
CCOCC(O)COC(C)(C)C,-751.0,0.0,1
CCOCC(O)COOC(C)(C)C,-707.0,0.0,1
CCOCC1CO1,-295.3,0.0,1
CCOCCCOCC,-482.1,0.0,1
CCOCCCl,-335.6,0.0,1
CCOCCOCC,-452.465,1.4637,2
CCOCOC(=O)CC,-667.2,0.0,1
CCOCOCC,-449.555,1.2092,2
CCOCOCOCC,-625.8,0.0,1
CCOCOCOCOCC,-794.6,0.0,1
CCOCOCOCOCOCC,-968.4,0.0,1
CCOOCC,-228.0,7.0711,2
CCO[N+]([O-])=O,-190.7,0.4243,2
CCO[S](=O)(=O)OCC,-812.9,0.0,1
CCO[S](=O)OC,-567.0,0.0,1
CCO[S](=O)OCC,-600.45,0.0,1
CCOc1ccccc1,-156.0,4.8083,2
CCS,-73.68,0.0,1
CCSC,-92.3,0.0,1
CCSC(=O)C(F)(F)F,-851.9,0.0,1
CCSC(=S)N(C)C,-46.9,0.0,1
CCSC(C)(C)C,-187.0,0.0,1
CCSC(C)=O,-267.8,0.0,1
CCSC(C)C,-156.0,0.0,1
CCSC(SCC)=NC,-31.2,0.0,1
CCSC=O,-216.0,0.0,1
CCSCC,-119.35,0.0707,2
CCSCC=C,-21.0,0.0,1
CCSCCSCC,-142.5,0.0,1
CCSCSCC,-116.0,0.0,1
CCSCc1ccccc1,-5.2,0.0,1
CCSSCC,-120.05,0.0707,2
CCSc1ccccc1,21.9,0.0,1
CC[C@@H]1CCC[C@@H]1C,-190.8,0.0,1
CC[C@@H]1CCC[C@H](C)C1,-246.7,0.0,1
CC[C@@H]1CC[C@H](C)CC1,-239.0,0.0,1
CC[C@@H]1CO[C@H](C)OC1,-519.2,0.0,1
CC[C@@H]1OC[C@H](C)CO1,-532.0,0.0,1
CC[C@H]1CCCC[C@@H]1C,-240.3,0.0,1
CC[C@H]1CCCC[C@H]1C,-236.2,0.0,1
CC[C@H]1CCC[C@@H]1C,-195.1,0.0,1
CC[C@H]1CC[C@@H](C)C1,-194.4,0.0,1
CC[C@H]1CC[C@H](C)C1,-196.0,0.0,1
CC[C@H]1CC[C@H](C)CC1,-246.4,0.0,1
CC[C@H]1CO[C@H](C)OC1,-491.0,0.0,1
CC[C@H]1C[C@@H]1CC,-83.4,0.0,1
CC[C@H]1C[C@H]1CC,-80.0,0.0,1
CC[C@H]1OC[C@H](C)CO1,-508.0,0.0,1
CC[N+]#[C-],99.6,0.0,1
CC[N+]([O-])=O,-142.5667,2.1455,3
CC[S](=O)(=O)CC=C,-406.0,0.0,1
CC[S](=O)C(C)(C)C,-349.0,0.0,1
CC[S](=O)CC,-267.6,0.0,1
CC[S](=O)CC=C,-174.9,0.0,1
CC[S](C)(=O)=O,-486.39,0.0,1
CC\C=C/C,-55.66,3.1038,4
CC\C=C/C#N,71.8,0.0,1
CC\C=C/C(C)(C)C,-136.4,0.0,1
CC\C=C/C/C=C\C\C=C/CCCCCCCC(=O)OC,-492.75,0.0,1
CC\C=C/C/C=C\C\C=C/CCCCCCCC(O)=O,-508.8,0.0,1
CC\C=C/CC,-78.4425,1.0695,4
CC\C=C\C#N,74.9,0.0,1
CC\C=C\C(C)(C)C,-157.8,0.0,1
CC\C=C\CC,-83.1575,3.8793,4
CC\C=C\N1CCCCC1,-83.7,0.0,1
CCc1c(C)cccc1C,-81.55,2.0506,2
CCc1cc(C)cc(C)c1,-87.55,0.3536,2
CCc1cc(C)ccc1C,-85.05,0.3536,2
CCc1ccc(C)c(C)c1,-85.65,0.495,2
CCc1ccc(C)cc1,-49.9,0.0,1
CCc1ccc(C)cc1C,-84.1,0.0,1
CCc1ccc(C)nc1,-11.4,0.0,1
CCc1ccc(CC)cc1,-72.97,0.1838,2
CCc1ccc(Cl)cc1,-50.7,1.2728,2
CCc1ccc(cc1)C(=O)c2ccccc2,-64.4,0.0,1
CCc1ccc(cc1N=C=O)N=C=O,-196.0,0.0,1
CCc1cccc(C)c1,-48.8,0.0,1
CCc1cccc(C)c1C,-81.75,1.7678,2
CCc1cccc(CC)c1,-73.25,0.3536,2
CCc1cccc(Cl)c1,-50.71,0.0,1
CCc1cccc(O)c1,-214.3,0.0,1
CCc1cccc2cccc(C)c12,26.0,0.0,1
CCc1ccccc1C,-46.5,0.0,1
CCc1ccccc1CC,-69.7,1.6971,2
CCc1ccccc1Cl,-51.25,3.8891,2
CCc1ccccc1O,-208.8,0.0,1
CCc1ccccc1[N+]([O-])=O,-48.66,0.0,1
CCc1ccccn1,1.5,0.0,1
CCl,-102.4,0.0,1
CI,-12.8,1.1314,2
CN,-43.5333,6.5241,3
CN(C(=O)N(C)[N+]([O-])=O)[N+]([O-])=O,-109.5,0.0,1
CN(C)C,-49.215,4.9285,2
CN(C)C(=O)N(C)C,-262.2,0.0,1
CN(C)C(C#N)c1ccccc1,157.53,0.0,1
CN(C)C1CCCCC1,-134.8,0.0,1
CN(C)C=O,-239.2,0.2828,2
CN(C)CC#C,197.6,0.0,1
CN(C)CC#CC=C,246.0,0.0,1
CN(C)CC#N,69.0,0.0,1
CN(C)CC(=O)c1ccccc1,-116.0,0.0,1
CN(C)CC(C)=O,-223.7,0.0,1
CN(C)CCC#N,43.6,0.0,1
CN(C)CCCN,-77.1,0.2828,2
CN(C)CO,-253.6,0.0,1
CN(C)N,48.3,0.0,1
CN(C)N=NN(C)C,226.6,0.0,1
CN(C)[N+]([O-])=O,-71.1,0.0,1
CN(C)c1ccc(C)cc1,11.7,0.0,1
CN(C)c1ccc(cc1)\C=C(\C#N)c2[nH]c3ccccc3n2,301.8,0.0,1
CN(C)c1cccc(C)c1,14.4,0.0,1
CN(C)c1ccccc1,40.85,9.6874,2
CN(C=O)c1ccccc1,-145.9,0.0,1
CN(CC#C)CC#C,466.0,0.0,1
CN([N+]([O-])=O)[N+]([O-])=O,1.7,0.0,1
CN(c1ccccc1)c2ccccc2,120.5,0.0,1
CN1CCCC1=O,-265.73,0.0,1
CN=C(C)O,-313.2,0.0,1
CNC,-47.4,3.3941,2
CNCCC#N,59.2,0.0,1
CNCCCN,-80.2,0.0,1
CNN,54.14,0.0,1
CNN=C(C)C,39.7,0.0,1
CNc1ccccc1,32.7,0.9899,2
CO,-243.74,6.598,5
COC(=C)OC,-316.1,0.0,1
COC(=O)/C=C/C,-383.0,0.0,1
COC(=O)C(C)(C)C(=O)OC,-858.43,0.0,1
COC(=O)C(C)=C,-385.6,4.5255,2
COC(=O)C(C)C#N,-319.0,0.0,1
COC(=O)C(C)C(=O)OC,-826.34,0.0,1
COC(=O)C(C)CC(C)(C)C,-614.7,0.0,1
COC(=O)C(F)(F)C(F)(F)F,-1463.0,0.0,1
COC(=O)C(F)(F)F,-1020.0,0.0,1
COC(=O)C12C3C4CC5C3C1C5C24,-54.0,0.0,1
COC(=O)C12CC1C2,-203.2,0.0,1
COC(=O)C1CC1,-346.0,0.0,1
COC(=O)C1CCC1,-395.1,0.0,1
COC(=O)C=C,-362.2,0.0,1
COC(=O)CC#N,-310.765,1.7466,2
COC(=O)CC(=O)OC,-799.69,0.0,2
COC(=O)CC(C)(C)C,-556.1,0.0,1
COC(=O)CC(C)=O,-623.21,0.0,1
COC(=O)CC(C)C,-538.9,0.0,1
COC(=O)CCC(=O)OC(C)(C)C,-951.0,0.0,1
COC(=O)CCC(=O)OOC(C)(C)C,-841.0,0.0,1
COC(=O)CCCCC(=O)OC,-862.8,0.0,1
COC(=O)CCl,-487.0,0.0,1
COC(=O)CN(C)C,-414.3,0.0,1
COC(=O)CO,-609.41,0.0,1
COC(=O)[C@@H](C)N(C)C,-440.7,0.0,1
COC(=O)\C=C\C(=O)OOC(C)(C)C,-747.0,0.0,1
COC(=O)c1ccc(Cl)cc1,-385.3,0.0,1
COC(=O)c1ccc(cc1)[N+]([O-])=O,-387.2,0.0,1
COC(=O)c1occc1,-450.2,0.0,1
COC(C#N)C(C)(C)C,-223.5,0.0,1
COC(C#N)c1ccccc1,-35.4,0.0,1
COC(C)(C)C,-317.3,4.9325,3
COC(C)(C)C#N,-162.8,0.0,1
COC(C)(C)OC,-459.08,1.8527,3
COC(C)(OC)N(C)C,-428.4,0.0,1
COC(C)(OC)OC,-611.0,1.4142,2
COC(C)(OC)c1ccccc1,-343.48,0.0,1
COC(C)=O,-445.89,0.0,1
COC(C)OC,-419.99,0.0,1
COC(CCC#N)OC,-311.2,0.0,1
COC(CCl)(OC)OC,-661.1,0.0,1
COC(O)(C(F)(F)F)C(F)(F)F,-1579.0,0.0,1
COC(O)=N,-472.7,0.0,1
COC(OC)(OC)OC,-767.2,0.1414,2
COC(OC)(OC)c1ccccc1,-485.8,0.0,1
COC(OC)(n1ccnc1)c2ccccc2,-163.1,0.0,1
COC(OC)/C=C/C,-346.0,0.0,1
COC(OC)N(C)C,-395.0,0.0,1
COC(OC)OC,-572.08,4.5538,2
COC(OC)c1ccccc1,-308.4,0.0,1
COC1(CCCC1)OC,-444.0,0.0,1
COC1(CCCCC1)OC,-492.0,0.0,1
COC1OCCO1,-526.605,4.8154,2
COCC#N,-77.36,0.0,1
COCC(O)COOC(C)(C)C,-666.0,0.0,1
COCCC#N,-116.9,0.0,1
COCCOC(C)=O,-622.8,0.0,1
COCCOC=O,-565.3,0.0,1
COCCOCCO,-670.3,0.0,1
COCCOCCOC,-562.9,9.1924,2
CO[S](=O)(=O)OC,-735.25,0.0,1
CO[S](=O)OC,-523.3,0.0,1
COc1cc(C)ccc1O,-362.8,0.0,1
COc1ccc(C=O)cc1,-247.0,0.0,1
COc1ccc(cc1)C(Cl)=O,-335.9,0.0,1
COc1cccc(C)c1,-155.4,0.0,1
COc1ccccc1,-117.7333,2.6633,3
CS,-46.65,0.0,1
CSC,-63.68,3.0138,3
CSC(=S)SC,-8.4,0.0,1
CSC(C)(C)C,-156.9,0.0,1
CSC(C)C,-124.7,0.0,1
CSC(SC)=NC,-3.0,0.0,1
CSC1CCCC1,-109.5,0.0,1
CSCc1ccccc1,26.0,0.0,1
CSSC,-62.535,0.0919,2
CSc1ccccc1,45.65,3.3234,2
C[C@@H]1CC2CCC1C2,-122.5,0.0,1
C[C@@H]1CC2CCC1O2,-253.8,0.0,1
C[C@@H]1COCO[C@H]1C,-453.0,0.0,1
C[C@@H]1C[C@@H](C)OCO1,-462.6,0.0,1
C[C@@H]1C[C@@H]2[C@H](C[C@H]1O)C2(C)C,-312.1,0.0,1
C[C@@H]1C[C@H]1C,-30.7,0.0,1
C[C@@H]1S[C@H]1C,-30.0,0.0,1
C[C@@]1(C[C@@H]1C2CC2)C3CC3,131.9,0.0,1
C[C@@]12CCCC[C@H]1CC(=O)C2,-333.5,0.0,1
C[C@@]12CCCC[C@H]1CCCC2,-249.8,0.0,1
C[C@@]12C[C@@]3(C)C(C)(C)[C@@]3(C)C[C@@H]1O2,-156.4,0.0,2
C[C@H](Cl)[C@@H](C)Cl,-240.8,0.0,1
C[C@H](Cl)[C@H](C)Cl,-241.9,0.0,1
C[C@H]1CC2CCC1C2,-122.1,0.0,1
C[C@H]1CC2CCC1O2,-250.3,0.0,1
C[C@H]1CCCC[C@@H]1O,-421.25,0.0,1
C[C@H]1CCC[C@@H](O)C1,-399.9,0.0,1
C[C@H]1CCC[C@@H]1C,-171.3,0.0,1
C[C@H]1CCC[C@H](O)C1,-421.66,0.0,1
C[C@H]1CCC[C@H]1C,-165.4,0.0,1
C[C@H]1CCC[C@H]1O,-344.0,0.0,1
C[C@H]1CCO[C@@H](C)O1,-466.6,1.9799,2
C[C@H]1CC[C@@H](C)C1,-168.2,0.0,1
C[C@H]1CC[C@@H](O)CC1,-418.44,0.0,1
C[C@H]1CC[C@H](C)C1,-170.2,0.0,1
C[C@H]1CC[C@H](O)CC1,-438.61,0.0,1
C[C@H]1C[C@@H](C)OC(C)(C)O1,-539.4,0.0,1
C[C@H]1C[C@@H](C)OCO1,-474.8,0.0,1
C[C@H]1C[C@@H](C)O[C@@H](C)O1,-488.3,0.0,1
C[C@H]1C[C@H](C)OC(C)(C)O1,-526.3,0.0,1
C[C@H]1C[C@H](C)OC(C)O1,-490.0,0.0,1
C[C@H]1C[C@H]1C,-26.3,0.0,1
C[C@H]1O[C@@H](C)O[C@@H](C)O1,-681.8,0.0,1
C[C@H]1[C@@H](C)C1(Cl)Cl,-87.0,0.0,1
C[C@H]1[C@H](C)C1(Cl)Cl,-90.0,0.0,1
C[C@]1(C[C@@H]1C2CC2)C3CC3,134.1,0.0,1
C[C@]12CCCC[C@H]1CCCC2,-244.0,0.0,1
C[C@]12C[C@@]3(C)C(C)(C)[C@@]3(C)C[C@H]1O2,-148.1,0.0,2
C[CH]=[C]1CC[CH2]CC1,-103.6,0.0,1
C[C](C)=[C]=[CH2],101.2,0.0,1
C[S](=O)(=O)CC=C,-385.1,0.0,2
C[S](=O)(=O)c1ccccc1,-345.4,0.0,1
C[S](C)(=O)=O,-446.4,0.0,1
C[S](C)=O,-203.4,0.0,1
C\1C\C=C/CC\C=C1,57.7,0.0,1
C\C(=C/CO)C#C,-82.1,0.0,1
C\C=C/C#N,95.1,0.0,1
C\C=C1/CC2CC1C=C2,106.5,0.0,1
C\C=C1\CC2CC1C=C2,102.27,0.099,2
C\C=C\C#N,100.7,0.0,1
C\C=C\C(=O)OC(C)(C)C,-474.0,0.0,1
C\C=C\C(=O)OC(C)C,-457.0,0.0,1
C\C=C\C(=O)OCCC(C)C,-501.0,0.0,1
C\C=C\C(=O)OOC(C)(C)C,-417.0,0.0,1
C\C=C\CC#N,81.0,0.0,1
C\C=C\CC(=O)OC(C)C,-473.0,0.0,1
C\C=C\CC(=O)OCC(C)C,-505.0,0.0,1
C\C=C\CN1CCCCC1,-55.06,0.0,1
C\C=C\N1CCCCC1,-57.4,0.0,1
Cc1[nH]c(C)cc1,-16.8,0.0,1
Cc1c(C)c(C)c(C)c(C)c1C,-142.0,0.0,1
Cc1c(F)c(F)c(F)c(F)c1F,-884.2,0.0,1
Cc1cc(C)c(C)c(C)c1,-97.45,1.4849,2
Cc1cc(C)c(C)cc1C,-98.7,0.0,1
Cc1cc(C)c(C2CC2)c(C)c1,5.0,0.0,1
Cc1cc(C)c2CCC(C)(C)c2c1,-131.8,0.0,1
Cc1cc(C)c2CCCc2c1,-63.7,0.0,1
Cc1cc(C)nc(C)c1,-31.0,0.0,1
Cc1cc(on1)c2ccccc2,18.0,0.0,1
Cc1ccc(Br)cc1,12.0,0.0,1
Cc1ccc(C)c(C)c1,-61.9,0.0,1
Cc1ccc(C)c(C)c1C,-93.3,4.3841,2
Cc1ccc(C)c(CC#N)c1,46.0,0.0,1
Cc1ccc(C)c(Cc2ccccc2)c1,24.6,0.0,1
Cc1ccc(C)c2CCCc12,-65.7,0.0,1
Cc1ccc(C)c2c1CCC2(C)C,-123.9,0.0,1
Cc1ccc(C)cc1,-24.4,0.0,1
Cc1ccc(C)nc1,18.6,0.0,1
Cc1ccc(C2CC2)c(C)c1,36.0,0.0,1
Cc1ccc(Cc2ccccc2)cc1,61.5,0.0,1
Cc1ccc(F)cc1,-186.9,0.0,1
Cc1ccc(I)cc1,67.4,0.0,1
Cc1ccc(N)c(C)c1,-88.7,0.0,1
Cc1ccc(N)cc1,19.0,0.0,1
Cc1ccc(N)cc1Cl,23.0,0.0,1
Cc1ccc(O)c(C)c1,-228.8,0.0,1
Cc1ccc(O)cc1,-193.0,0.0,1
Cc1ccc(cc1)C(Cl)=O,-201.3,0.0,1
Cc1ccc(cc1)[S](C)(=O)=O,-373.1,0.0,1
Cc1ccc(cc1Cl)N=C=O,-126.0,0.0,1
Cc1ccc2ccccc2n1,93.0,0.0,1
Cc1ccc2ncccc2c1,93.3,0.0,1
Cc1cccc(C)c1,-25.4,0.0,1
Cc1cccc(C)c1C,-58.6,0.0,1
Cc1cccc(C)c1[N+]([O-])=O,-50.8,0.0,1
Cc1cccc(C)n1,12.6,0.0,1
Cc1cccc(I)c1,79.1,0.0,1
Cc1cccc(N)c1,42.3,0.0,1
Cc1cccc(O)c1,-189.475,8.3236,4
Cc1cccc(c1)[N+]([O-])=O,-46.0,0.0,1
Cc1cccc(c1N)C(C)(C)C,-108.6,0.0,1
Cc1cccc2C(=C[S](=O)(=O)c12)C,63.01,0.0,1
Cc1cccc2ccccc12,56.2,0.0,1
Cc1cccc2cccnc12,102.0,0.0,1
Cc1ccccc1,12.0,0.0,2
Cc1ccccc1C,-24.4,0.0,1
Cc1ccccc1C2CC2,75.3,0.0,1
Cc1ccccc1CC#N,92.0,0.0,1
Cc1ccccc1I,78.2,0.0,1
Cc1ccccc1N,-5.605,1.2516,2
Cc1ccccc1O,-202.0,0.0,1
Cc1ccccc1c2ccccc2,86.5,0.0,1
Cc1cccnc1C,19.3,0.0,1
Cc1ccnc(C)c1,16.1,0.0,1
Cc1ccnc2ccccc12,94.5,0.0,1
Cc1ccncc1,54.6833,5.8537,3
Cc1ccncc1C,18.2,0.0,1
Cc1cnc(C)c(C)n1,20.4,0.0,1
Cc1cnc(O)nc1O,-462.8,0.0,1
Cc1cncc(C)c1,22.4,0.0,1
Cc1cscc1,43.05,0.0,1
Cc1cscn1,67.91,0.0,1
Cc1nccnc1C,73.4,0.0,1
Cc1no[n+]([O-])c1C,45.2,0.0,1
Cc1nonc1C,56.0,0.0,1
Cc1onc(C)c1,-63.1,0.0,1
Cc1onc(C)c1C,-70.2,0.0,1
Cc1onc(c1)c2ccccc2,14.0,0.0,1
Cc1sccc1,44.6,0.0,1
ClC#C,207.0,0.0,1
ClC#CCl,199.0,0.0,1
ClC(=O)C(Cl)(Cl)Cl,-235.0,0.0,1
ClC(=O)C(Cl)=O,-367.6,0.0,1
ClC(=O)OCc1ccccc1,-376.2,0.0,1
ClC(=O)c1ccc(Cl)cc1,-191.3,0.5657,2
ClC(=O)c1cccc(Cl)c1,-190.0,0.0,1
ClC(=O)c1ccccc1,-160.6667,3.5642,3
ClC(=O)c1ccccc1Cl,-171.5,0.0,1
ClC(Cl)(Cl)C(=O)OCC=C,-395.0,0.0,1
ClC(Cl)(Cl)C(Cl)(Cl)Cl,-199.2,0.0,1
ClC(Cl)(Cl)C=O,-218.1,0.0,1
ClC(Cl)(Cl)Cl,-128.25,0.2121,2
ClC(Cl)(Cl)c1ccccc1,-45.1,0.0,1
ClC(Cl)=C,-24.4333,0.5132,3
ClC(Cl)=C(Cl)C(Cl)=C(Cl)Cl,-24.5,0.0,1
ClC(Cl)=C(Cl)Cl,-59.2,6.7882,2
ClC(Cl)=C(Cl)\C(Cl)=C(Cl)\C(Cl)=C(Cl)Cl,-7.6,0.0,1
ClC(Cl)=C1C(Cl)(Cl)C(=C(Cl)C1(Cl)Cl)Cl,-94.8,0.0,1
ClC(Cl)=S,21.1,0.0,1
ClC(Cl)C(Cl)(Cl)Cl,-197.0,8.4853,2
ClC(Cl)C(Cl)=O,-281.0,0.0,1
ClC(Cl)C(Cl)Cl,-198.9,4.9497,2
ClC(Cl)Cl,-134.2,0.1414,2
ClC(c1ccccc1)c2ccccc2,56.1,0.0,1
ClC1(Cl)CC1,-27.0,0.0,1
ClC1=C(Cl)C(Cl)(Cl)C(=C1Cl)Cl,-79.2,0.0,1
ClC1=C(Cl)C(Cl)(Cl)C(Cl)(Cl)C1(Cl)Cl,-176.8,0.0,1
ClC1CCCCC1,-207.6667,1.2423,3
ClC=C,0.9,0.0,1
ClC=C(Cl)Cl,-48.7,6.691,3
ClCC(Cl)(Cl)CCl,-252.1,0.0,1
ClCC(Cl)(Cl)Cl,-188.3,8.9202,3
ClCC(Cl)=C,-73.47,0.0,1
ClCC(Cl)=CCl,-102.0,0.0,1
ClCC(Cl)=O,-285.0,0.0,1
ClCC(Cl)CCl,-230.0,0.0,1
ClCC(Cl)Cl,-188.25,0.3536,2
ClCC1(CCl)COC1,-260.0,0.0,1
ClCC1CO1,-149.0,0.0,1
ClCCC(Cl)(Cl)Cl,-208.7,0.0,1
ClCCCCCl,-229.65,0.2121,2
ClCCCl,-168.45,1.7678,2
ClCCOC=C,-208.0,0.0,1
ClCCSCCCl,-200.5,0.0,1
ClCCl,-124.2,0.1414,2
ClCc1ccccc1,-33.0,0.0,1
ClI,-23.93,0.0,1
ClSC(Cl)(Cl)Cl,-75.7,0.0,1
ClSC(Cl)=S,-24.0,0.0,1
ClSCl,-49.79,0.0,1
ClSSCl,-58.16,0.0,1
Cl[C@@H]1CC2CCC1C2,-131.0,0.0,1
Clc1ccc(Br)cc1,28.0,0.0,1
Clc1ccc(Cl)c(C=C)c1,35.0,0.0,1
Clc1ccc(Cl)c(Cl)c1,-50.2,0.0,1
Clc1cccc(C=O)c1,-105.0,0.0,1
Clc1cccc(Cl)c1,-20.5,0.0,1
Clc1cccc(n1)C(Cl)(Cl)Cl,498.3,0.0,1
Clc1cccc2ccccc12,49.8,0.0,1
Clc1ccccc1,11.1,0.5657,2
Clc1ccccc1C=O,-98.0,0.0,1
Clc1ccccc1Cl,-17.0,0.8718,3
Clc1ccccc1\C=C(/C#N)c2[nH]c3ccccc3n2,412.8,0.0,1
Cn1cccc1,62.38,0.0,1
Cn1ncnn1,281.6,0.0,1
Cn1nnnc1C,186.1,0.0,1
FC(=C(C(F)(F)F)C(F)(F)F)C(F)(F)C(F)(F)F,-2522.4,0.0,1
FC(Cl)C(F)(F)Br,-675.3,0.0,1
FC(F)(Cl)C(F)(Cl)Cl,-755.0,0.0,1
FC(F)(Cl)C(F)(F)C(Cl)(Cl)OC(F)(F)C(F)(Cl)Cl,-1805.0,0.0,1
FC(F)(Cl)C(F)(F)Cl,-960.2,0.0,1
FC(F)(Cl)OC(F)(F)C(F)(Cl)Cl,-1361.0,0.0,1
FC(F)(F)C(=C(C(F)(F)C(F)(F)F)C(F)(C(F)(F)F)C(F)(F)F)C(F)(F)F,-3792.0,0.0,1
FC(F)(F)C(Cl)Br,-720.0,0.0,1
FC(F)(F)C(F)(C(F)(F)F)C(F)(F)C(F)(F)C(F)(F)C(F)(F)C(F)(C(F)(F)F)C(F)(F)F,-4687.9,0.0,1
FC(F)(F)C(F)(Cl)C(F)(F)Cl,-1376.0,0.0,1
FC(F)(F)C(F)(F)C(F)(F)C(F)(F)C(F)(F)C(F)(F)C(F)(F)F,-3421.7,0.0,1
FC(F)(F)C(F)(F)C(F)(F)C(F)(F)N(C(F)(F)C(F)(F)C(F)(F)C(F)(F)F)C(F)(F)C(F)(F)C(F)(F)C(F)(F)F,-5643.8,0.0,1
FC(F)(F)C(F)(F)C1CCCCC1,-3340.5,0.0,1
FC(F)(F)C(F)(F)N(C(F)(F)C(F)(F)F)C(F)(F)C(F)(F)F,-3172.0,0.0,1
FC(F)(F)C1(F)C(F)(F)C(F)(F)C(F)(F)C(F)(F)C1(F)F,-2931.1,0.0,1
FC(F)(F)CC(Cl)(Cl)Cl,-830.65,0.0,1
FC(F)(F)CCCl,-799.31,0.0,1
FC(F)(F)CCOCCC(F)(F)F,-1645.4,0.0,1
FC(F)(F)Cc1ccccc1,-669.95,0.0,1
FC(F)(F)c1ccccc1,-620.45,0.0,1
FC(F)=C(F)Cl,-522.7,0.0,1
FC(F)C(F)(F)COC(C(F)(F)F)C(F)(F)F,-2370.2,0.0,1
FC(F)CCc1ccccc1,-467.7,0.0,1
FC(c1ccccc1)c2ccccc2,-112.4,0.0,1
FC1(F)C(F)(F)C(F)(F)[C@@]2(F)C(F)(F)C(F)(F)C(F)(F)C(F)(F)[C@@]2(F)C1(F)F,-3670.3,0.0,1
FC1(F)C(F)(F)C(F)(F)[C@@]2(F)C(F)(F)C(F)(F)C(F)(F)[C@]2(F)C1(F)F,-3257.6,0.0,1
FC1(F)C(F)(F)C(F)(F)[C@]2(F)C(F)(F)C(F)(F)C(F)(F)C(F)(F)[C@@]2(F)C1(F)F,-3689.9,0.0,1
FC1(F)C(F)(F)C(F)(F)[C@]2(F)C(F)(F)C(F)(F)C(F)(F)[C@]2(F)C1(F)F,-3253.6,0.0,1
FC1(F)C2=C(C(F)(F)C(F)(F)C1(F)F)C(F)(F)C(F)(F)C(F)(F)C2(F)F,-3248.7,0.0,1
FC1=C(F)C(F)(F)C(F)(F)C(F)(F)C1(F)F,-1966.2,0.0,1
FC1CCCCC1,-374.06,0.0,1
FCc1cccc(F)c1F,-636.7,0.0,1
FCc1ccccc1,-172.59,0.0,1
FN(F)C1(CCCCC1)N(F)F,-218.4,0.0,1
FN(F)Cc1ccccc1,-37.0,0.0,1
Fc1c(F)c(F)c(Cl)c(F)c1F,-850.4,0.0,1
Fc1c(F)c(F)c(F)c(F)c1F,-991.7,0.0,1
Fc1c(F)c(F)c(c(F)c1F)C(F)(F)F,-1311.1,0.0,1
Fc1cc(F)c(F)c(F)c1F,-842.2,0.0,1
Fc1cc(F)c(F)cc1F,-683.8,0.0,1
Fc1ccc(F)cc1,-342.3,0.0,1
Fc1cccc(F)c1,-343.9,0.0,1
Fc1cccc(c1)C(F)(F)F,-830.2,0.0,1
Fc1ccccc1,-150.8,0.0,1
Fc1ccccc1F,-319.2,0.0,1
IC(=O)c1ccccc1,-51.51,0.0,1
IC1CC(I)C1,135.0,0.0,1
ICC=C,55.2,0.0,1
ICCCCI,-30.0,0.0,1
ICCCI,-8.9,0.0,1
ICI,68.5,0.0,1
ICc1ccccc1,53.0,0.0,1
II,13.52,0.0,1
Ic1cccc2ccccc12,162.0,0.0,1
Ic1ccccc1,117.0,0.0,1
Ic1ccccc1I,187.0,0.0,1
N#CC#CC#N,500.4,0.0,1
N#CC#Cc1ccccc1,424.9,0.0,1
N#CC12CC1C2,258.8,0.0,1
N#CC12CCC1C2,227.7,0.0,1
N#CC12CCCC1C2,98.41,0.0,1
N#CC1=CCCC1,96.9,0.0,1
N#CC1CC1,140.8,0.0,1
N#CC1CCC1,103.0,0.0,1
N#CC1CCC=C1,111.5,0.0,1
N#CC1CCCC1,0.585,0.1202,2
N#CC1CCCC=C1,56.15,0.0,1
N#CC1CCCCC1,-53.16,8.4287,2
N#CCCCCC#N,84.9,0.0,1
N#CCCSCCC#N,96.3,0.0,1
N#COc1ccccc1,88.3,0.0,1
N#CSc1ccccc1,267.0,0.0,1
N#C\C(=C/c1ccccc1)c2[nH]c3ccccc3n2,362.0,0.0,1
N#Cc1ccccc1,163.2,0.0,2
N(c1ccccc1)c2ccccc2,132.0,0.0,1
N1c2ccccc1cccc2,308.0,0.0,1
NC1CC1,45.81,0.0,1
NC1CCC1,5.61,0.0,1
NC1CCCC1,-95.14,0.0,1
NC1CCCCC1,-144.6,4.3841,2
NCC#C,206.0,0.0,1
NCC=C,10.0,0.0,1
NCCN,-63.01,0.0,1
NCCN(CCN)CCN,-73.6,0.0,1
NCCO,-507.5,0.0,1
NN,50.63,0.0,1
Nc1ccc(Oc2ccc(N)c(N)c2)cc1N,-91.0,0.0,1
Nc1cccc(Cl)c1,-20.3,0.0,1
Nc1cccc(c1)C(F)(F)F,-686.01,0.0,1
Nc1ccccc1,31.275,1.2685,4
Nc1ccccc1Cl,-4.64,0.0,1
O,-285.83,0.0,2
O=C1CC(C1)c2ccccc2,-56.57,0.0,1
O=C1CC2CCC1CC2,-274.0,0.0,1
O=C1CCC1,-135.25,6.0104,2
O=C1CCCC1,-238.0333,1.9296,3
O=C1CCCCC1,-268.525,9.8865,4
O=C1CCCCC1C2=CCCCC2,-288.8,0.0,1
O=C1CCCCCC1,-298.3,0.9899,2
O=C1CCCCCCC1,-326.0,0.0,1
O=C1CCCCCCCCC1,-363.4,0.0,1
O=C1CCCCCCCCCC1,-386.4,0.0,1
O=C1CCCCCCCCCCCCO1,-644.0,0.0,1
O=C1CCCCCCCCCCCO1,-611.0,0.0,1
O=C1CCCCCCCCCCO1,-583.0,0.0,1
O=C1CCCCCCCCO1,-529.0,0.0,1
O=C1CCCCCCCO1,-487.0,0.0,1
O=C1CCCCCCO1,-465.0,0.0,1
O=C1CCCCCO1,-458.0,0.0,1
O=C1CCCCO1,-436.8,1.1314,2
O=C1CCCO1,-422.434,5.0619,5
O=C1CCO1,-331.0,1.9053,3
O=C1CC[C@@H]2CCC[C@H]12,-285.0,0.0,1
O=C1CC[C@H]2CCC[C@H]12,-260.0,0.0,1
O=C1C[C@@H]2CCCC[C@@H]2C1,-307.1,0.0,1
O=C1C[C@@H]2CCCC[C@H]2C1,-305.3,0.0,1
O=C1OC=CO1,-460.0,0.0,1
O=C1OCCO1,-682.8,0.0,1
O=C=C=C=O,-121.5,0.0,1
O=CC1CCCO1,-318.7,0.0,1
O=CC1CCOC1,-301.6,0.0,1
O=CCCC#N,12.8,0.0,1
O=COc1ccccc1,-268.6,0.0,1
O=Cc1ccccc1,-85.45,2.1266,3
O=Cc1occc1,-199.0333,3.691,3
O=NN1CCCCC1,-31.0,0.0,1
O=NN1CCOCC1,-138.0,0.0,1
O=[Si]=O,-902.66,0.0,1
OC(=N)C#Cc1ccccc1,47.4,0.0,1
OC(=N)C=C,-224.0,0.0,1
OC(=O)C#Cc1ccccc1,-121.8,0.0,1
OC(=O)C(F)(F)F,-1069.9,0.0,1
OC(=O)C1CCC1,-425.3,0.0,1
OC(=O)C=C,-380.8,4.2426,2
OC(=O)\C=C/C(O)=O,-787.3,0.0,1
OC(=O)\C=C\C(O)=O,-810.2,0.0,1
OC(=O)c1ccc(I)cc1,-316.0,0.0,1
OC(CCl)CCl,-385.0,0.0,1
OC(CO[N+]([O-])=O)CO[N+]([O-])=O,-477.0,0.0,1
OC1=NCCC1,-266.04,0.0,1
OC1CCC1,-199.0,0.0,1
OC1CCCC1,-300.2333,0.2082,3
OC1CCCCC1,-351.56,4.5791,5
OC=N,-251.0,0.0,1
OC=O,-425.13,0.3517,3
OCC(CO)O[N+]([O-])=O,-568.0,0.0,1
OCC(CO[N+]([O-])=O)O[N+]([O-])=O,-472.0,0.0,1
OCC(Cl)CCl,-381.0,0.0,1
OCC(F)(F)C(F)(F)C(F)(F)F,-1781.9,0.0,1
OCC(F)(F)C(F)(F)F,-1354.7,0.0,1
OCC(F)(F)C(F)F,-1114.9,0.0,1
OCC(F)(F)F,-932.57,0.0,1
OCC(O)CCl,-525.1,0.0,1
OCC(O)CO,-669.1,0.7071,2
OCC(O)CO[N+]([O-])=O,-577.0,0.0,1
OCC1CCCCC1,-378.0,0.0,1
OCC1CCCO1,-435.6,0.0,1
OCC1CO1,-298.0,0.0,1
OCC1OCCCO1,-623.0,0.0,1
OCCC(F)(F)F,-969.6,0.0,1
OCCCC(O)=O,-710.0,0.0,1
OCCCCCCCCCO,-657.6,0.0,1
OCCCCCCCO,-574.2,0.0,1
OCCCCCO,-528.77,2.2452,3
OCCCCO,-504.15,1.6263,2
OCCN(CCO)CCO,-664.2,0.0,1
OCCN1CCNCC1,-227.6,0.0,1
OCCO,-455.89,2.5368,5
OCCOCC(O)CO,-863.4,0.0,1
OCCOCCO,-628.5,0.0,1
OCCOCCOCCO,-804.2,0.0,1
OCCOCCOCCOCCO,-981.7,0.0,1
OCC[N+]([O-])=O,-351.0,0.0,1
OC[C@H](O)[C@@H](O)[C@H](O)CO,-1118.6,0.0,1
OC[C@H](O)[C@H](O)CO,-910.48,0.0,1
OCc1ccccc1,-164.225,8.1774,4
OCc1occc1,-276.5333,0.4163,3
O[C@@H]1CC2CCC1C2,-279.0,0.0,1
O[P+](O)(O)[O-],-1271.66,0.0,1
Oc1cccc(c1)\C=C(\C#N)c2[nH]c3ccccc3n2,138.2,0.0,1
S,1.85,0.0,1
S(c1ccccc1)c2ccccc2,163.8,0.0,1
S=C=Nc1ccccc1,212.0,0.0,1
S=C=S,89.41,0.0,1
S=[Si]=S,-206.92,0.0,1
SC(S)=S,24.0,0.0,1
SC1CCCC1,-89.33,0.0,1
SC1CCCCC1,-140.4,0.0,1
SCCCCCS,-130.3,0.0,1
SCCCCS,-105.8,0.0,1
SCCCS,-79.5,0.0,1
SCCS,-54.0,0.0,1
SCc1ccccc1,40.2,5.2326,2
Sc1ccccc1,63.68,0.0,1
[AlH2],10.56,0.0,1
[BH2],48.93,0.0,1
[CH2]1CC[C]2(CC1)CC[CH2]CC2,-246.25,2.4749,2
[CH2]=[C]1C[CH2]C1,93.85,0.0,1
[CH2]=[C]1C[CH](C1)C#N,207.9,0.0,1
[CH2]C(CCOCC=C)(C#N)C([O-])=O,-367.8,0.0,1
[N-]=[N+]=NC1CCCC1,179.0,0.0,1
[N-]=[N+]=NC1CCCCC1,108.4,0.0,1
[N-]=[N+]=NCc1ccccc1,368.0,0.0,1
[O-][N+](=O)C(COC(F)(F)OCC([N+]([O-])=O)([N+]([O-])=O)[N+]([O-])=O)([N+]([O-])=O)[N+]([O-])=O,-860.0,0.0,1
[O-][N+](=O)C(Cl)([N+]([O-])=O)[N+]([O-])=O,-18.15,7.2832,2
[O-][N+](=O)C(F)(CC(=O)CC(=O)CC(=O)CC(F)([N+]([O-])=O)[N+]([O-])=O)[N+]([O-])=O,-1031.4,0.0,1
[O-][N+](=O)C(F)(COC(=O)C=C)[N+]([O-])=O,-581.8,0.0,1
[O-][N+](=O)C(F)(COC(F)(F)OCC(F)([N+]([O-])=O)[N+]([O-])=O)[N+]([O-])=O,-1297.9,0.0,1
[O-][N+](=O)C(F)(COCC1CO1)[N+]([O-])=O,-510.8,0.0,1
[O-][N+](=O)C(F)(COCOCC([N+]([O-])=O)([N+]([O-])=O)[N+]([O-])=O)[N+]([O-])=O,-642.0,0.0,1
[O-][N+](=O)C(F)(F)C(F)(F)[N+]([O-])=O,-880.0,0.0,1
[O-][N+](=O)C(F)(F)C(F)([N+]([O-])=O)[N+]([O-])=O,-659.0,0.0,1
[O-][N+](=O)C(F)(F)[N+]([O-])=O,-444.8,0.0,1
[O-][N+](=O)C(F)([N+]([O-])=O)C(F)([N+]([O-])=O)[N+]([O-])=O,-415.0,0.0,1
[O-][N+](=O)C(F)([N+]([O-])=O)[N+]([O-])=O,-220.2,0.0,1
[O-][N+](=O)C(F)(c1ccccc1)[N+]([O-])=O,-238.0,0.0,1
[O-][N+](=O)C(F)[N+]([O-])=O,-278.0,0.0,1
[O-][N+](=O)C([N+]([O-])=O)([N+]([O-])=O)[N+]([O-])=O,38.7333,2.1939,3
[O-][N+](=O)C1=NOCC1,-20.0,0.0,1
[O-][N+](=O)C1=[N+]([O-])OCC1,-51.0,0.0,1
[O-][N+](=O)C[N+]([O-])=O,-104.9,0.0,1
[O-][N+](=O)Cc1ccccc1,-22.8,0.0,1
[O-][N+](=O)N1CCCCC1,-93.0,0.0,1
[O-][N+](=O)OCC(CO[N+]([O-])=O)O[N+]([O-])=O,-368.4,8.3159,5
[O-][N+](=O)OCCC(CO[N+]([O-])=O)O[N+]([O-])=O,-414.0,0.0,1
[O-][N+](=O)OCCOCCO[N+]([O-])=O,-451.0,0.0,1
[O-][N+](=O)OCCO[N+]([O-])=O,-233.0,0.0,1
[O-][N+](=O)OCN1ONC=C1CO[N+]([O-])=O,-47.7,0.0,1
[O-][N+](=O)OCO[N+]([O-])=O,93.3,0.0,1
[O-][N+](=O)O[C@H]1COC[C@@H]1O[N+]([O-])=O,-386.0,0.0,1
[O-][N+](=O)[N+]([O-])=O,-19.56,0.0,1
[O-][N+](=O)c1ccc(cc1)\C=C(/C#N)c2[nH]c3ccccc3n2,282.3,0.0,1
[O-][N+](=O)c1cccc(c1)[N+]([O-])=O,-36.0,0.0,1
[O-][N+](=O)c1ccccc1\C=C(\C#N)c2[nH]c3ccccc3n2,292.0,0.0,1
[PH2],0.62,0.0,1
[SiH4],48.47,0.0,1
[nH]1cccc1,63.1,0.0,1
c1ccc(cc1)N=C=Nc2ccccc2,286.0,0.0,1
c1ccc2cnccc2c1,144.8,0.4243,2
c1ccc2ncccc2c1,141.22,0.0,1
c1ccccc1,48.2475,1.4988,4
c1ccnnc1,224.9,0.0,1
c1cnccn1,139.8,0.0,1
c1cncnc1,144.9,2.4042,2
o1ccc(n1)c2ccccc2,75.3,0.0,1
o1ccc2ccccc12,-34.83,0.0,1
o1cccc1,-59.895,3.4578,2
o1cccn1,43.455,1.8738,2
o1ccnc1,-48.03,0.0,1
o1nccc1c2ccccc2,80.3,0.0,1
s1cccc1,80.62,0.8996,3
s1cnc2ccccc12,144.03,0.0,1
