smiles,mean,std,n
B#B,829.69,0.0,1
B#N,476.98,0.0,1
B1NBNBN1,-510.03,0.0,1
B=O,-198.32,0.0,1
BI,305.43,0.0,1
Br,-36.365,0.1061,2
BrB(Br)Br,-204.18,0.0,1
BrB=O,-251.04,0.0,1
BrBr,30.91,0.0,2
BrC#C,269.0,0.0,1
BrC#N,185.895,0.4172,2
BrC(=O)c1ccccc1,-48.5,0.0,1
BrC(Br)(Br)C(Br)(Br)Br,133.0,0.0,1
BrC(Br)=O,-113.5,0.0,1
BrC(Br)Br,55.4,0.0,1
BrC1CCCC1,9.83,0.0,1
BrC1CCCCC1Br,-109.9,0.0,1
BrC=C,79.2,0.0,1
BrCC=C,46.65,1.4849,2
BrCCCCBr,-85.98,0.0,1
BrCc1ccccc1,84.0,0.0,1
BrI,40.88,0.0,1
BrN=O,82.13,0.0,1
BrP(Br)Br,-146.02,0.0,1
Br[SiH2]Br,-190.37,0.0,1
Br[SiH](Br)Br,-302.92,0.0,1
Br[Si](Br)(Br)Br,-415.47,0.0,1
Brc1ccc2ccccc2c1,175.6,0.0,1
Brc1cccc2ccccc12,174.3,0.0,1
C#C,226.9433,0.3958,3
C#CC#C,464.0,0.0,1
C#CC#N,354.0,0.0,1
C#CC1(CC1)C#C,538.5,0.0,1
C#CC1CC1,292.0,0.0,1
C#C\C=C/C#C,541.8,0.0,1
C#C\C=C\C#C,538.1,0.0,1
C#Cc1ccccc1,306.6,0.0,1
C#N,135.14,0.0,1
C(Cc1ccccc1)c2ccccc2,132.3,4.6669,2
C(OCc1ccccc1)C2CO2,-138.0,0.0,1
C(SCc1ccccc1)c2ccccc2,193.0,0.0,1
C([Se][Se]Cc1ccccc1)c2ccccc2,301.0,0.0,1
C(c1ccccc1)C(c2ccccc2)(c3ccccc3)c4ccccc4,365.0,0.0,1
C(c1ccccc1)c2ccccc2,162.175,3.9144,4
C/1=C/C=C/C=C/C=C\C=C/C=C/C=C\C=C\C=C1,280.0,0.0,1
C/1=C/C=C\C/2=C(/C=C1)/C=C\C=C/C=C2,551.5,0.0,1
C/1=C/C=C\C2=C(/C=C1)C=C2,514.2,0.0,1
C/1=C/C=C\C=C/C=C1,297.6,0.0,1
C/C(O)=C/C(C)=O,-385.3,0.0,1
C12C3C4C1C5C2C3C45,597.1,0.0,1
C1=CC2=CC3=CC=CC=C4C=C(C=C1)C2C34,466.1,0.0,1
C1=CC2C3C=CC1C=CC23,334.1,0.0,1
C1=CC2C=CC3C=CC1C23,224.0,0.0,1
C1=Cc2ccc3C=Cc4ccc1c2c34,408.6,0.0,1
C1C2/C=C\C=C/C=C\C12,372.0,0.0,1
C1C2=C1C2,544.0,0.0,1
C1C2C1C3C4C(C5CC5C46CC6)C2C37CC7,384.3,0.0,1
C1C2C1C3C4C2C34,370.0,0.0,1
C1C2C1C3C=CC23,383.9,0.0,1
C1C2C3CC4C1C4C23,180.0,0.0,2
C1C2C=CC12,333.0,0.0,1
C1C2C=CC1C=C2,240.0,0.0,1
C1C2C=CC=CC1C=CC=C2,261.0,0.0,1
C1C2C=Cc3ccccc3C12,238.0,0.0,1
C1C2CC12,217.0,0.0,1
C1C2CC1C=C2,251.0,0.0,1
C1C2CC2C3CC13,149.0,0.0,1
C1C2CC3C1C3C2,80.0,0.0,1
C1C2CC3C4CC(C5CC45)C3C12,185.5,0.0,1
C1C2CC3CC1CC(C2)C3,-134.72,3.8739,5
C1C2CC3CC1OC(O2)O3,-499.2,0.0,1
C1C=CC2C=CC12,264.0,0.0,1
C1C=CC2CC12,158.0,0.0,1
C1C=CC2CC1C=C2,158.5,0.7071,2
C1C=CC=C1,136.2,3.9598,2
C1C=CC=CC=C1,187.0,0.0,1
C1C=CCC=C1,104.7167,4.3001,3
C1C=CC[C@@H]2C=CC[C@H]12,109.2,0.0,1
C1C=CC[C@@H]2C[C@H]12,120.0,0.0,1
C1C=CC[C@H]2C[C@H]12,232.0,0.0,1
C1C=Cc2ccccc12,161.2,0.0,1
C1CC/C=C\C=C/C1,84.1,0.0,1
C1CC1,46.3,9.8995,2
C1CC12C3(CC3)C24CC4,423.6,0.0,1
C1CC12C=CC3(CC3)C=C2,303.0,0.0,1
C1CC12C=CC=C2,238.0,0.0,1
C1CC12CC2,185.1,0.0,1
C1CC12CC23CC3,302.8,0.0,1
C1CC12CC23CC34CC4,429.9,0.0,1
C1CC12CC23CC34CC45CC5,544.0,0.0,1
C1CC1C#CC#CC2CC2,561.8,0.0,1
C1CC1C(C2CC2)(C3CC3)C(C4CC4)(C5CC5)C6CC6,466.5,0.0,1
C1CC1C2CC2,130.0,0.0,1
C1CC1c2ccccc2,150.55,0.2121,2
C1CC2(CCC2(C1)c3ccccc3)c4ccccc4,215.0,0.0,1
C1CC23C=CC=CC12C=CC=C3,378.3,0.0,1
C1CC23CC2(C1)C=CC=C3,190.0,0.0,1
C1CC23CC=CCC12C=CC=C3,276.3,0.4243,2
C1CC23CC=CCC2(C1)C3,95.8,0.0,1
C1CC23CCC2(C1)C3,152.0,0.0,1
C1CC23CCC=CC2(C1)C3,96.7,0.0,1
C1CC2=C(C1)CC2,173.0,0.0,1
C1CC2=C1C34CCC23C4,240.0,0.0,1
C1CC2=C1CC2,304.0,0.0,1
C1CC2C(C1)C3=C2CCC3,155.0,0.0,1
C1CC2C1C23CC3,288.0,0.0,1
C1CC2C3C(C1)C23,191.0,0.0,1
C1CC2C3CC1C23,168.0,0.0,1
C1CC2C3CCC(C3)C2C1,-60.2,0.0,1
C1CC2C=CC2C1,139.7,0.0,1
C1CC2C=CC3CCC1C23,13.0,0.0,1
C1CC2C=CC=CC12,186.25,4.1719,2
C1CC2CC12,158.0,0.0,1
C1CC2CC1C3CC4CC4C23,59.0,0.0,1
C1CC2CC1C3OC23,-53.9,0.0,1
C1CC2CC1C=C2,90.0,0.0,1
C1CC2CC1N=N2,196.0,0.0,1
C1CC2CC1[C@@H]3O[C@H]23,-53.9,0.0,1
C1CC2CC2C1,39.0,0.0,1
C1CC2CC2C=C1,119.0,0.0,1
C1CC2CC=CC(C1)C2,-49.1,0.0,1
C1CC2CC=CCC1C2,3.6,0.0,1
C1CC2CCC(C1)C=C2,-3.5,0.0,1
C1CC2CCC(C1)O2,27.0,0.0,1
C1CC2CCC12,125.0,0.0,1
C1CC2CCC1C2,-53.4,1.6186,4
C1CC2CCC1C3CCC2C=C3,33.0,0.0,1
C1CC2CCC1C=C2,23.2,3.9598,2
C1CC2CCC1CC2,-99.04,0.0,1
C1CC2CCC1CCC3CCC(CC2)CC3,-152.0,0.0,1
C1CC2CCC1CNC2,-43.68,0.0,1
C1CC2CCC1COC2,-222.6,0.0,1
C1CC2CCC2=C1,167.0,0.0,1
C1CC2CCC3CCC1C23,-102.3,0.0,1
C1CC2CCC=C(C1)C2,31.0,0.0,1
C1CC2CCCC(C1)C2,-128.0,0.0,1
C1CC2CCCC(C1)CC2,-106.0,0.0,1
C1CC2CCCC(C1)CCC2,-89.0,0.0,1
C1CC2CCCN2C1,-3.9,0.0,1
C1CC2C\C=C/CC1C=C2,117.0,0.0,1
C1CC2OC2C1,-97.1,0.0,1
C1CC=C1,157.0,0.0,1
C1CC=C2CCC(C1)C2,73.6,0.0,1
C1CC=C2CCC2=C1,222.0,0.0,1
C1CC=CC1,33.95,1.4821,4
C1CC=CC=C1,104.58,0.0,1
C1CC=CCCC=C1,57.0,0.0,1
C1CC=CCN1,30.0,0.0,1
C1CC=CO1,-72.25,0.0,1
C1CC=CS1,90.7,0.0,1
C1CC=C\C(C1)=C/2CCCC=C2,92.5,0.0,1
C1CC=C\C(C1)=C\2CCCC=C2,91.2,0.0,1
C1CC=NC1,63.0,0.0,1
C1CCC#CCCCCCC#CCC1,313.8,0.0,1
C1CCC(C1)(c2ccccc2)C3(CCCC3)c4ccccc4,111.0,0.0,1
C1CCC(CC1)(c2ccccc2)C3(CCCCC3)c4ccccc4,44.0,0.0,1
C1CCC(CC1)C2CCCCC2,-216.85,2.192,2
C1CCC(CC1)c2ccccc2,-15.45,1.7678,2
C1CCC/C=C/CC1,19.8,0.2828,2
C1CCC2(CC1)CCCC2,-145.1,0.0,1
C1CCC23CCC2(C1)C=CC=C3,157.4,0.0,1
C1CCC2=C(C1)CC2,96.2,0.0,1
C1CCC2=CC=CC=C(C1)C2,146.0,0.0,1
C1CCC2=CCC(C1)C2,49.8,0.0,1
C1CCC2C=CC2C1,120.5,0.0,1
C1CCC2CC2C1,6.5,6.364,2
C1CCC2CC2CC1,-17.0,0.0,1
C1CCC2CCC2C1,-26.0,0.0,1
C1CCC2CCCC2CC1,-130.1,0.0,1
C1CCC2OC2C1,-123.85,2.3335,2
C1CCC2OC2CC1,-152.3,0.0,1
C1CCC=CC1,-5.355,1.2313,4
C1CCCC(CCC1)(c2ccccc2)C3(CCCCCCC3)c4ccccc4,69.0,0.0,1
C1CCCC1,-76.8467,0.4225,3
C1CCCC2OC2CC1,-165.1,0.0,1
C1CCCCC1,-123.6667,0.8145,3
C1CCCCCCC1,-126.1,0.0,1
C1CCCCCCCCCCCCC1,-239.2,0.0,1
C1CCCCc2ccc(Cc3ccc(CCC1)cc3)cc2,29.0,0.0,1
C1CCCNCC1,-45.0,0.0,1
C1CCC[C@@H]2C[C@@H]2CC1,-26.25,6.1868,4
C1CCC[C@H]2O[C@H]2CC1,-165.1,0.0,1
C1CCC\C=C/CC1,-25.35,3.7477,2
C1CCCc2ccc(CCCCCCc3ccc(CC1)cc3)cc2,-77.0,0.0,1
C1CCNC1,-3.5,0.1414,2
C1CCNCC1,-47.15,0.0,2
C1CCOC1,-184.2,0.0,1
C1CCOCC1,-222.4,2.0881,3
C1CCSC1,-34.05,0.6364,2
C1CCSCC1,-63.4,0.1414,2
C1CC[C@@H]2CCCC[C@@H]2C1,-169.4,0.2828,2
C1CC[C@@H]2CCC[C@@H]2C1,-127.2,0.0,1
C1CC[C@H]2CCCC[C@@H]2C1,-181.2,1.4142,2
C1CC[C@H]2CCC[C@@H]2C1,-131.6,0.0,1
C1CC[C@H]2C[C@H]2CC1,-6.1,0.0,1
C1CC[C@H]2NCCC[C@@H]2C1,-112.9,0.0,1
C1CC\C=C\C=C/C1,146.0,0.0,1
C1CCc2c(C1)ccc3ccccc23,92.3,0.0,1
C1CCc2cc3CCCCc3cc2C1,-37.2,0.0,1
C1CCc2ccccc2C1,28.0,2.8284,2
C1CCc2ncccc2C1,71.0,0.0,1
C1CN(C1)CCc2ccccc2,185.2,0.0,1
C1CN2CCC1CC2,-4.3,0.0,1
C1CNCCN1,23.1,2.687,2
C1CNc2ccccc2C1,82.0,0.0,1
C1COC(O1)c2ccccc2,-205.3,0.0,1
C1COC1,-80.54,0.0,2
C1COC=CC1,-112.81,0.0,1
C1COCCO1,-316.65,1.9092,2
C1COCCOCCOCCO1,-631.1,0.0,1
C1COCCOCCOCCOCCO1,-799.5,0.0,1
C1COCO1,-301.7,0.0,1
C1COCOC1,-344.75,5.9293,4
C1COCOCCO1,-467.2,0.0,1
C1COc2ccccc2C1,-82.4,0.0,1
C1CS1,82.3,0.0,1
C1C[C@@H]2C=C[C@@H]1[C@H]3CC[C@H]2C=C3,154.0,0.0,1
C1C[C@@H]2[C@H]1[C@@H]3CC[C@H]23,235.0,0.0,1
C1C[C@@H]2[C@H]1[C@H]3CC[C@@H]23,211.0,0.0,1
C1C[C@H]2C=CC[C@@H]12,119.0,0.0,1
C1C[C@H]2C=C[C@H]1[C@H]3CC[C@H]2C=C3,143.0,0.0,1
C1C[C@H]2CCC[C@@H]2C1,-67.0,0.0,1
C1C[C@H]2CCC[C@H]2C1,-93.0,0.0,1
C1C[CH]=[C]=[CH]CC[CH]=[C]=[CH]1,356.1,0.0,1
C1Cc2cc3CCc3cc12,310.0,0.0,1
C1Cc2ccc(CCCc3ccc(C1)cc3)cc2,129.4,0.0,1
C1Cc2ccc(CCc3ccc1cc3)cc2,242.3333,2.0551,3
C1Cc2ccc3CCCc4ccc(C1)c2c34,40.7,0.0,1
C1Cc2ccc3CCc4ccc1c2c34,174.3,0.0,1
C1Cc2cccc(CCc3ccc1cc3)c2,218.3,0.0,1
C1Cc2cccc(CCc3cccc1c3)c2,170.0,0.0,1
C1Cc2cccc3CCc4cccc1c4c23,90.2,0.0,1
C1Cc2cccc3cccc1c23,156.4,0.5657,2
C1Cc2ccccc12,199.4,0.0,1
C1Cc2ccccc2C1,60.4333,0.6429,3
C1Cc2ccccc2CO1,-63.1,0.0,1
C1Cc2ccccc2O1,-46.5,0.0,1
C1Cc2ccccc2c3ccccc13,154.85,0.3536,2
C1N2CN3CN1CN(C2)C3,198.45,0.7778,2
C1OC1COc2ccccc2,-110.7,9.5284,3
C1OCOCOCO1,-620.24,0.0,1
C1OCOCOCOCO1,-779.8,0.0,1
C1OCc2ccccc12,-30.1,0.0,1
C1SCC=C1,87.3,0.0,1
C1[C@H]2C[C@H]2[C@@H]3C[C@H]13,154.0,0.0,1
C1c2cc3ccccc3cc12,435.0,0.0,1
C1c2ccccc1cccc2,319.0,5.6569,2
C1c2ccccc2Cc3cc4ccccc4cc13,224.9,0.0,1
C1c2ccccc2c3ccccc13,172.8667,5.2367,3
C1c2cccccc1ccc2,400.0,0.0,1
C=C,52.435,0.0495,2
C=C(CCC(=C)c1ccccc1)c2ccccc2,285.0,0.0,1
C=C(CCCC(=C)c1ccccc1)c2ccccc2,259.0,0.0,1
C=C1C(=C)C1=C,396.0,0.0,1
C=C1C2CCC1CC2,60.0,0.0,1
C=C1C2CCC2C1=C,315.0,0.0,1
C=C1C=C2CCC2=CC1=C,359.0,0.0,1
C=C1C=CC(=C)C=C1,210.0,0.0,1
C=C1C=CC1=C,336.0,0.0,1
C=C1C=CC=C1,224.0,0.0,1
C=C1CC(=O)O1,-190.2,0.0,1
C=C1CC1,201.0,0.0,1
C=C1CC1c2ccccc2,294.5,3.5355,2
C=C1CC2CCC1CC2,-9.25,0.0,1
C=C1CCC(=C)CC1,64.39,0.0,1
C=C1CCC1=C,204.0,0.0,1
C=C1CCC=C1,115.0,0.0,1
C=C1CCCC(=C)C1,54.4,0.0,1
C=C1CCCC1,10.2,0.0,1
C=C1CCCC1=C,94.1,0.0,1
C=CC#C,295.0,0.0,1
C=CC#N,176.15,5.0205,2
C=CC(=C)C(=C)C=C,259.0,0.0,1
C=CC1(CC1)C=C,202.0,0.0,1
C=CC1=C(CC1)C=C,262.0,0.0,1
C=CC1CC1,129.1,2.9698,2
C=CC1CC2CC1C=C2,157.6,1.0392,3
C=CC1CCC=CC1,69.5,0.0,1
C=CC=C,110.35,2.192,2
C=CCC#N,157.7,0.0,1
C=CCC=C,106.3,0.0,1
C=CCCC=C,85.0,0.0,1
C=COC=C,-12.7,0.0,1
C=COc1ccccc1,23.0,0.0,1
C=CSC=C,106.0,0.0,1
C=C[C@@H]1CC2CC1C=C2,157.0,0.0,1
C=C[C@@H]1CC[C@H]1C=C,177.0,0.0,1
C=C[C@@H]1C[C@@H]2CC[C@@H]1C=C2,106.0,1.4142,2
C=C[C@H]1CC2CC1C=C2,157.0,0.0,1
C=C[C@H]1CC[C@H]1C=C,188.0,0.0,1
C=C[C@H]1C[C@@H]2CC[C@@H]1C=C2,105.5,0.7071,2
C=C[S](=O)(=O)C=C,-153.8,3.9598,2
C=C[S](=O)(=O)c1ccccc1,-129.0,0.0,1
C=C[S](=O)C=C,25.0,0.0,1
C=C\C=C/C=C,172.0,0.0,1
C=C\C=C\C=C,168.0,0.0,1
C=Cc1occc1,28.0,0.0,1
C=O,-112.25,5.1619,2
C=[N+]=[N-],210.5,6.364,2
CBr,-36.6,2.0075,3
CC,-84.1567,0.4557,3
CC#C,185.4,0.0,1
CC#CC,146.55,2.0506,2
CC#CC#CC,377.4,0.0,1
CC#CC#CC1CC1,484.7,0.0,1
CC#C[S](=O)(=O)c1ccc(C)cc1,10.4,0.0,1
CC#C[S](=O)(=O)c1ccccc1,43.5,0.0,1
CC#Cc1ccccc1,268.2,0.0,1
CC#N,69.95,5.7841,2
CC(=C)C#C,259.0,0.0,1
CC(=C)C#CC#CC(C)=C,494.1,0.0,1
CC(=C)C(=O)OCC1CO1,-394.2,0.0,1
CC(=C)C(O)=N,-157.7,0.0,1
CC(=C)C(O)=O,-369.75,3.4648,2
CC(=C)C=C,75.7,0.0,1
CC(=C)C=O,-106.4,0.0,1
CC(=C)C[S](=O)(=O)c1ccc(C)cc1,-241.0,0.0,1
CC(=C)[S](=O)(=O)c1ccc(C)cc1,-197.0,0.0,1
CC(=C)\C=C\C(C)=C,95.8,0.0,1
CC(=C)c1ccccc1,118.3,0.0,1
CC(=O)C(C)(C)C,-290.67,0.0,1
CC(=O)C(C)(C)C(C)(C)C,-347.7,0.0,1
CC(=O)C(C)=O,-326.8,0.0,2
CC(=O)C12CC3CC(CC(C3)C1)C2,-298.3,0.0,1
CC(=O)C1CC1,-115.3,0.0,1
CC(=O)C=C,-115.0,0.0,1
CC(=O)C=Cc1ccccc1,-48.1,0.0,1
CC(=O)C=O,-271.0,0.0,1
CC(=O)CBr,-180.0,0.0,1
CC(=O)CC(=O)C(F)(F)F,-998.3,7.0711,2
CC(=O)CC(C)(C)C,-320.5,0.0,1
CC(=O)CI,-130.6,0.0,1
CC(=O)Cc1ccccc1,-94.64,0.0,2
CC(=O)OC(C)(C)C,-516.5,0.0,1
CC(=O)OC(C)(C)OC(C)=O,-833.7,0.0,1
CC(=O)OC(Cc1ccccc1)OC(C)=O,-700.1,0.0,1
CC(=O)OC(OC(C)=O)C1(OC(C=C1)[N+]([O-])=O)OC(C)=O,-1285.0,0.0,1
CC(=O)OC(OC(C)=O)c1ccccc1,-676.85,0.0,1
CC(=O)OC(OC(C)=O)c1oc(cc1)[N+]([O-])=O,-772.0,0.0,1
CC(=O)OC(OC(C)=O)c1occc1,-773.0,0.0,1
CC(=O)OC1CCCCC1,-507.2,0.0,1
CC(=O)OC=C,-311.3,3.2527,2
CC(=O)OCOC(C)=O,-780.66,0.0,1
CC(=O)Oc1ccccc1,-279.85,0.2121,2
CC(=O)SC(C)=O,-317.0,0.0,1
CC(=O)\C=C(/C)Nc1ccc(cc1)[N+]([O-])=O,-98.9,0.0,1
CC(=O)c1c(C)[n+]([O-])c2ccccc2[n+]1[O-],33.1,0.0,1
CC(=O)c1c(C)cc(C)cc1C,-205.0,0.0,1
CC(=O)c1cc(C)c(C)cc1C,-189.0,0.0,1
CC(=O)c1ccccc1,-86.7,0.0,1
CC(Br)(Br)Br,-4.6,0.0,1
CC(Br)=O,-195.5,0.7071,2
CC(Br)Br,-41.0,0.0,1
CC(Br)C(C)Br,-102.9,0.0,1
CC(Br)CCBr,-97.28,0.0,1
CC(C#N)(C#N)C#N,424.7,3.1113,2
CC(C(C)=O)C(C)=O,-428.9,0.0,1
CC(C)(Br)CBr,-113.3,0.0,1
CC(C)(C#N)C#N,197.2,0.0,1
CC(C)(C#N)C(C)(C)C#N,100.8,0.2828,2
CC(C)(C#N)N1CCCCC1,24.03,0.0,1
CC(C)(C(O)=O)C(O)=O,-735.2,0.0,1
CC(C)(C)Br,-132.4,0.0,1
CC(C)(C)C,-167.4667,1.3051,3
CC(C)(C)C#C,106.6,0.4583,3
CC(C)(C)C#N,-3.3,0.0,1
CC(C)(C)C(=C)C(=C)C(C)(C)C,-71.0,0.0,1
CC(C)(C)C(=O)C#Cc1ccccc1,64.5,0.1414,2
CC(C)(C)C(=O)C(C)(C)C,-345.8,0.0,1
CC(C)(C)C(=O)CC(=O)C(C)(C)C,-528.4,0.0,1
CC(C)(C)C(C#N)C#N,126.7,0.0,1
CC(C)(C)C(C(C(C)(C)C)C(C)(C)C)C(C)(C)C,-251.0,0.0,1
CC(C)(C)C(C(C)(C)C)C(C)(C)C,-235.6,0.5657,2
CC(C)(C)C(C)(C)C,-226.05,0.2121,2
CC(C)(C)C(O)(C(C)(C)C)C(C)(C)C,-410.1,0.0,1
CC(C)(C)C(O)=N,-313.1,0.0,1
CC(C)(C)C12C3(C(C)(C)C)C1(C(C)(C)C)C23C(C)(C)C,26.0,0.0,1
CC(C)(C)C1=CC2=C(C=C(C2=C1)C(C)(C)C)C(C)(C)C,14.0,0.0,1
CC(C)(C)CC(=O)C(C)(C)C,-393.9,0.0,1
CC(C)(C)CC(=O)CC(C)(C)C,-421.2,0.0,1
CC(C)(C)CC(C)(C)C,-241.5,0.0,1
CC(C)(C)CC(C)(C)N=NC(C)(C)C,-119.0,0.0,1
CC(C)(C)CCC(C)(C)C,-285.0,0.0,1
CC(C)(C)CS,-128.7,0.0,1
CC(C)(C)Cl,-179.9,0.0,1
CC(C)(C)I,-72.0,0.0,1
CC(C)(C)N,-125.125,9.4574,4
CC(C)(C)N(F)F,-192.0,0.0,1
CC(C)(C)N=Cc1ccc(cc1)[N+]([O-])=O,49.4,0.0,1
CC(C)(C)N=NC(C)(C)C,-36.0,0.5657,2
CC(C)(C)N=[N+]([O-])C(C)(C)C,-107.6,0.0,2
CC(C)(C)NC(O)=N,-314.0,0.0,1
CC(C)(C)NC(O)=NC(C)(C)C,-404.2,0.0,1
CC(C)(C)O,-311.7667,1.8009,3
CC(C)(C)OC(=O)C(F)(F)F,-1098.3,0.0,1
CC(C)(C)OC(C)(C)C,-361.6667,0.4933,3
CC(C)(C)OC=O,-456.8,0.0,1
CC(C)(C)OCC1CO1,-319.82,1.3084,5
CC(C)(C)ON=O,-172.0,0.0,1
CC(C)(C)OO,-240.45,7.8489,2
CC(C)(C)OOC(C)(C)C,-341.6,1.2166,3
CC(C)(C)OOC(C)(C)C#CC=C,22.7,0.0,1
CC(C)(C)OOC(C)(C)CCC(C)(C)O,-620.6,0.0,1
CC(C)(C)OOC(C)(C)CCC(C)(C)OO,-561.8,0.0,1
CC(C)(C)OOCC(O)CO,-631.2,0.0,1
CC(C)(C)OOCC1CO1,-267.475,3.2056,4
CC(C)(C)OOCCO,-445.3,0.0,1
CC(C)(C)O\N=N\OC(C)(C)C,-189.0,0.0,1
CC(C)(C)S,-108.7,0.0,1
CC(C)(C)SC(C)(C)C,-187.75,1.0607,2
CC(C)(C)SCC=C,-46.0,0.0,1
CC(C)(C)SSC(C)(C)C,-200.6,1.2166,3
CC(C)(C)[N+]([O-])=Cc1ccc(cc1)[N+]([O-])=O,11.1,0.0,1
CC(C)(C)[N+]([O-])=Cc1ccccc1,30.9,0.0,1
CC(C)(C)[N+]([O-])=O,-177.1,0.0,1
CC(C)(C)[S](=O)(=O)C(C)(C)C,-546.3,0.0,1
CC(C)(C)\C=C/C(C)(C)C,-127.0,0.0,1
CC(C)(C)\C=C\C(C)(C)C,-166.25,1.0607,2
CC(C)(C)c1cc(O)c(O)c(c1)C(C)(C)C,-470.5,0.0,1
CC(C)(C)c1cc(O)cc(c1)C(C)(C)C,-300.0,0.0,1
CC(C)(C)c1cc(c(N=O)c(c1)C(C)(C)C)C(C)(C)C,-117.4,0.0,1
CC(C)(C)c1cc(c(O)c(c1)C(C)(C)C)C(C)(C)C,-369.8,0.0,1
CC(C)(C)c1cc(c(c(c1)C(C)(C)C)[N+]([O-])=O)C(C)(C)C,-189.9,0.0,1
CC(C)(C)c1cc(cc(c1)C(C)(C)C)C(O)=O,-516.3,0.0,1
CC(C)(C)c1cc(cc(c1O)C(C)(C)C)c2ccccc2,-156.8,0.0,1
CC(C)(C)c1ccc(O)c(O)c1,-374.7,0.0,1
CC(C)(C)c1ccc(O)c(c1)C(C)(C)C,-290.0,0.0,1
CC(C)(C)c1ccc(c(O)c1)C(C)(C)C,-260.0,0.0,1
CC(C)(C)c1ccc(cc1)C(C)(C)C(C)(C)c2ccc(cc2)C(C)(C)C,-139.0,0.0,1
CC(C)(C)c1ccc(cc1)C(O)=O,-398.5,0.0,1
CC(C)(C)c1cccc(O)c1,-184.6,0.8485,2
CC(C)(C)c1cccc(c1)C(O)=O,-400.8,0.0,1
CC(C)(C)c1cccc(c1O)C(C)(C)C,-262.0,0.0,1
CC(C)(C)c1cccc(c1O)c2ccccc2,-57.03,0.0,1
CC(C)(C)c1ccccc1,-22.7,0.0,1
CC(C)(C)c1ccccc1C(O)=O,-376.1,0.0,1
CC(C)(C)c1ccccc1O,-199.1,0.0,1
CC(C)(Cl)Cl,-174.85,2.6163,2
CC(C)(F)F,-543.0,0.0,1
CC(C)(N)CN,-90.25,0.0,1
CC(C)(N=Nc1ccccc1)C(C)(C)N=Nc2ccccc2,477.0,0.0,1
CC(C)(O)C#CC=C,46.2,0.0,1
CC(C)(O)C(C)(C)O,-540.4,0.0,1
CC(C)(O)C(C)(C)OC=O,-676.3,0.0,1
CC(C)(O)C1(C)OCCCO1,-642.0,0.0,1
CC(C)(OO)C#CC=C,127.1,0.0,1
CC(C)(OO)c1ccccc1,-78.7,0.0,1
CC(C)(OOC(=O)c1ccccc1)c2ccccc2,-188.0,0.0,1
CC(C)(Sc1ccccc1)Sc2ccccc2,262.0,0.0,1
CC(C)([CH]=[C]=[CH2])[CH]=[C]=[CH2],340.0,0.0,1
CC(C)(c1ccccc1)C(C)(C)c2ccccc2,57.0,0.0,1
CC(C)=C,-17.9,0.0,1
CC(C)=C(C)C,-69.35,1.3435,2
CC(C)=C(C)O,-241.0,0.0,1
CC(C)=C(C=C)C=C,129.0,0.0,1
CC(C)=C1C=CC=C1,144.0,0.0,1
CC(C)=C1CCC=C1,49.4,0.0,1
CC(C)=CC(C)=O,-181.39,4.3982,2
CC(C)=CC=C(C)C,-19.2,0.0,1
CC(C)=CO,-207.0,0.0,1
CC(C)=C[S](=O)(=O)c1ccc(C)cc1,-240.0,0.0,1
CC(C)=O,-217.375,0.877,4
CC(C)Br,-97.5333,1.6743,3
CC(C)C,-134.9,0.9899,2
CC(C)C#C,136.4,0.0,1
CC(C)C#N,23.55,1.0607,2
CC(C)C(=O)C(C)(C)C,-338.3,0.0,1
CC(C)C(=O)C(C)C,-311.3,0.0,1
CC(C)C(=O)CC(=O)C(C)(C)C,-510.7,0.0,1
CC(C)C(=O)CC(=O)C(C)C,-470.4,0.0,1
CC(C)C(=O)CC(C)=O,-452.7,0.0,1
CC(C)C(C(C)=O)C(C)=O,-448.9,0.0,1
CC(C)C(C)(C)C,-205.35,0.7778,2
CC(C)C(C)(C)C(C)(C#N)C#N,79.33,0.0,1
CC(C)C(C)(C)C(C)=O,-328.4,0.0,1
CC(C)C(C)(C)O,-357.0,0.0,1
CC(C)C(C)(C)S,-147.9,0.0,1
CC(C)C(C)(O)c1ccccc1,-211.3,0.0,1
CC(C)C(C)=C,-63.45,3.4648,2
CC(C)C(C)=O,-262.57,0.0,1
CC(C)C(C)C,-177.8,0.0,1
CC(C)C(C)C(C)C,-217.4,0.0,1
CC(C)C(C)O,-314.75,2.3335,2
CC(C)C(C)S,-121.0,0.0,1
CC(C)C(C1CCCCC1)C(C(C)C)C2CCCCC2,-300.0,0.0,1
CC(C)C(O)=N,-282.6,0.0,1
CC(C)C1CCC(=CC1)C,-110.8,0.0,1
CC(C)C=C,-25.5,0.0,1
CC(C)C=O,-216.475,1.0626,4
CC(C)CC(=O)CC(C)=O,-456.5,0.0,1
CC(C)CC(=O)CC(C)C,-357.7,0.0,1
CC(C)CC(=O)c1ccccc1,-160.7,0.0,1
CC(C)CC(C)(C)C,-224.1,0.0,1
CC(C)CC(C)(c1ccc(cc1)C(C)(C)C)C(C)(CC(C)C)c2ccc(cc2)C(C)(C)C,-254.0,0.0,1
CC(C)CC(C)=O,-291.2,0.0,1
CC(C)CC(C)C,-203.6,2.1213,2
CC(C)CC(C)C(C)C,-242.6,0.0,1
CC(C)CC(C)O,-344.1,0.0,1
CC(C)CC(CC(C)C)(C#N)C(CC(C)C)(CC(C)C)C#N,-111.7,0.0,1
CC(C)CC(O)=O,-502.5,0.0,1
CC(C)CC=C,-49.44,0.0,1
CC(C)CCC(C)(C)C,-253.1,0.0,1
CC(C)CCC(C)C,-222.6,0.0,1
CC(C)CCCl,-171.0,0.0,1
CC(C)CCO,-301.05,0.3536,2
CC(C)CCOC(=O)C(C)Cl,-574.9,0.0,1
CC(C)CCOC(=O)C(Cl)(Cl)Cl,-523.4,0.0,1
CC(C)CCOC(=O)C(Cl)Cl,-519.7,0.0,1
CC(C)CCOC(=O)CC(C)Cl,-589.9,0.0,1
CC(C)CCOC(=O)CCCCl,-600.8,0.0,1
CC(C)CCOC(=O)CCCl,-539.3,0.0,1
CC(C)CCOC(=O)CCl,-516.7,0.0,1
CC(C)CCOCC1CO1,-328.2,0.0,1
CC(C)CCS,-114.6,0.0,1
CC(C)CCSCCC(C)C,-222.0,0.0,1
CC(C)CN(CC(C)C)C(S)=S,-67.6,0.0,1
CC(C)CN(CC(C)C)N=O,-139.5,0.0,1
CC(C)CNCC(C)C,-182.0667,8.7689,3
CC(C)CO,-283.5667,0.5859,3
CC(C)COC(=O)C(C)C,-542.9,0.0,1
CC(C)COC(=O)C(C)Cl,-549.8,0.0,1
CC(C)COC(=O)C(Cl)(Cl)Cl,-500.8,0.0,1
CC(C)COC(=O)C(Cl)Cl,-501.7,0.0,1
CC(C)COC(=O)CC(C)Cl,-571.1,0.0,1
CC(C)COC(=O)CCC=C,-437.0,0.0,1
CC(C)COC(=O)CCCCl,-576.6,0.0,1
CC(C)COC(=O)CCCl,-517.6,0.0,1
CC(C)COC(C)(C)C,-368.6,0.5657,2
CC(C)COCC1CO1,-312.5,0.0,1
CC(C)CON=O,-151.0,0.0,1
CC(C)CS,-96.48,0.0,1
CC(C)CSCC(C)C,-179.0,0.0,1
CC(C)CSSCC(C)C,-170.9,0.0,1
CC(C)C[S](=O)(=O)CC(C)C,-535.6,0.0,1
CC(C)Cc1ccccc1,-21.5,0.0,1
CC(C)Cl,-144.0,0.0,1
CC(C)N,-83.73,0.0424,2
CC(C)N(C(C)C)C(S)=S,-17.9,0.0,1
CC(C)N=NC(C)C,36.0,0.0,1
CC(C)NC(C)C,-140.0,5.2326,2
CC(C)O,-272.25,0.8021,4
CC(C)OC(=O)C(Cl)(Cl)Cl,-484.5,0.0,1
CC(C)OC(=O)CCC=C,-417.0,0.0,1
CC(C)OC(C)(C)C,-358.0,0.0,1
CC(C)OC(C)=O,-489.7,0.0,1
CC(C)OC(C)C,-318.0,0.0,1
CC(C)OC(C)OC(C)C,-525.9,0.0,1
CC(C)OC=C,-174.0,0.0,1
CC(C)OCC1CO1,-299.4,0.0,1
CC(C)ON=O,-133.0,0.0,1
CC(C)OO,-197.1,0.0,1
CC(C)S,-76.94,0.0,1
CC(C)SC(C)C,-142.1667,0.7638,3
CC(C)SSC(C)(C)C,-167.0,0.0,1
CC(C)[C@@H]1CC2CCC1C=C2,-51.25,0.9192,2
CC(C)[S](C)(=O)=O,-433.0,0.0,1
CC(C)\C=C/C(C)C,-111.3,0.0,1
CC(C)\C=C\C(C)C,-119.5,0.0,1
CC(C)c1c(C)cccc1O,-172.0,0.0,1
CC(C)c1cc(C(C)C)c2c(c1)C(C)(C)C2(O)c3ccccc3,-101.0,0.0,1
CC(C)c1cc(C)c(C)cc1C,-103.3,0.0,1
CC(C)c1cc(C)cc(O)c1,-210.1,0.0,1
CC(C)c1cc(C)ccc1O,-198.4,0.0,1
CC(C)c1cc(O)c(C)c(c1)C(C)C,-259.0,0.0,1
CC(C)c1cc(O)c(cc1C)C(C)C,-259.9,0.0,1
CC(C)c1cc(O)cc(C(C)C)c1C,-257.0,0.0,1
CC(C)c1cc(O)ccc1C,-185.1,0.0,1
CC(C)c1ccc(C(C)C)c(O)c1,-247.55,9.2631,2
CC(C)c1ccc(C)c(O)c1,-194.2,0.0,1
CC(C)c1ccc(C)cc1O,-184.6,0.0,1
CC(C)c1ccc(O)c(C)c1,-206.8,0.0,1
CC(C)c1ccc(O)cc1,-179.6,6.0811,2
CC(C)c1ccc(O)cc1C,-184.0,0.0,1
CC(C)c1ccc(cc1)C(O)=O,-382.7,0.0,1
CC(C)c1ccc(cc1)C=[N+]([O-])C(C)(C)C,-50.9,0.0,1
CC(C)c1cccc(C(C)C)c1O,-249.25,6.8589,2
CC(C)c1cccc(C)c1O,-190.0,0.0,1
CC(C)c1cccc(O)c1C,-182.6,0.0,1
CC(C)c1cccc(O)c1O,-350.0,0.0,1
CC(C)c1cccc(c1)C(O)=O,-375.5,0.0,1
CC(C)c1cccc(c1O)C(C)(C)C,-241.0,0.0,1
CC(C)c1ccccc1,3.9,0.0,1
CC(C)c1ccccc1C(O)=O,-359.2,0.0,1
CC(C)c1ccccc1O,-168.3,9.8995,2
CC(CC(=O)c1ccccc1)=NCCN=C(C)CC(=O)c2ccccc2,-104.5,0.0,1
CC(CC(Cl)([N+]([O-])=O)[N+]([O-])=O)([N+]([O-])=O)[N+]([O-])=O,-141.0,0.0,1
CC(CC(F)([N+]([O-])=O)[N+]([O-])=O)([N+]([O-])=O)[N+]([O-])=O,-141.0,0.0,1
CC(CC(I)([N+]([O-])=O)[N+]([O-])=O)([N+]([O-])=O)[N+]([O-])=O,41.0,0.0,1
CC(CN(CC(C)([N+]([O-])=O)[N+]([O-])=O)N=O)([N+]([O-])=O)[N+]([O-])=O,-81.5,0.0,1
CC(CN(CC(C)([N+]([O-])=O)[N+]([O-])=O)[N+]([O-])=O)([N+]([O-])=O)[N+]([O-])=O,-133.0,0.0,1
CC(CNCC(C)([N+]([O-])=O)[N+]([O-])=O)([N+]([O-])=O)[N+]([O-])=O,-160.0,0.0,1
CC(Cl)(Cl)Cl,-143.9,1.4177,3
CC(Cl)([N+]([O-])=O)[N+]([O-])=O,-113.0,0.0,1
CC(Cl)=C,-24.7,0.0,1
CC(Cl)=O,-247.3,3.7,3
CC(Cl)Br,-81.0,0.0,1
CC(Cl)C=C,-45.61,0.0,1
CC(Cl)CCCl,-195.0,0.0,1
CC(Cl)CCl,-162.8,0.0,1
CC(Cl)Cl,-130.05,3.4648,2
CC(F)(F)Br,-474.3,0.0,1
CC(F)(F)F,-748.85,0.2121,2
CC(F)(F)I,-410.0,0.0,1
CC(F)([N+]([O-])=O)[N+]([O-])=O,-256.0,0.0,1
CC(F)=O,-441.3,5.2326,2
CC(F)Cl,-313.4,0.0,1
CC(F)F,-497.0,0.0,1
CC(I)([N+]([O-])=O)[N+]([O-])=O,34.0,0.0,1
CC(I)=O,-128.3333,4.1633,3
CC(I)C(C)=O,-160.0,0.0,2
CC(I)CI,35.6,0.0,1
CC(N(C)C)C(=O)c1ccccc1,-69.9,0.0,1
CC(N)CN,-53.64,0.0566,2
CC(N=[N+]=[N-])([N+]([O-])=O)[N+]([O-])=O,253.0,0.0,1
CC(O)=N,-238.33,0.0,1
CC(O)=NC(O)=N,-441.7,0.0,1
CC(O)=O,-433.0,0.0,1
CC(O)CCO,-440.05,9.9702,2
CC(O)CO,-428.7,7.2132,3
CC(OC(C)=O)OC(C)=O,-812.6,0.0,1
CC(S)=N,11.25,2.0506,2
CC/C=C/C,-32.0,0.0,1
CC/C=C/C=C,54.0,0.0,1
CC1(Br)N=N1,291.0,0.0,1
CC1(C)C(=O)C(C)(C)C1=O,-307.7,0.0,1
CC1(C)C2CC3CC(C2)CC1C3,-183.0,0.0,1
CC1(C)C2CCC(C2)C1=C,-28.0,0.0,1
CC1(C)C2CCC1(C)C(=O)C2,-267.0,0.0,1
CC1(C)C=C2CCC2=C1,236.0,0.0,1
CC1(C)C=CC=C1,86.6,0.0,1
CC1(C)CC(=O)CC(=O)C1,-383.6,0.0,1
CC1(C)CC(=O)CC(C)(C)N1,-273.5,0.0,1
CC1(C)CC(=O)CC(C)(C)N1O,-298.1,0.0,1
CC1(C)CC(=O)CC(C)(C)S1,-291.0,0.0,1
CC1(C)CC(C)(C)N=N1,39.0,0.0,1
CC1(C)CC(O)CC(C)(C)N1O,-345.3,0.0,1
CC1(C)CC1,-8.2,0.0,1
CC1(C)CCC(=O)CC1=O,-400.4,0.0,1
CC1(C)CCC(C)(C)N=N1,41.8,0.0,1
CC1(C)CCCC(C)(C)N1,-159.9,0.0,1
CC1(C)CCCC1,-138.3,0.0,1
CC1(C)CCc2ccccc12,-1.75,0.2121,2
CC1(C)COC(C)(OC1)c2ccccc2,-350.68,0.0,1
CC1(C)COC(OC1)c2ccccc2,-311.3,0.0,1
CC1(C)COC1,-148.2,0.0,1
CC1(C)COC1=O,-352.7,0.0,1
CC1(C)COCOC1,-420.75,0.6364,2
CC1(C)N=NC1(C)C,150.3,0.0,1
CC1(C)OC(=O)N=N1,-200.0,0.0,1
CC1(Cl)N=N1,238.0,7.0711,2
CC1(O)CCCC1,-284.65,0.495,2
CC1(OCCO1)c2ccccc2,-261.9,0.0,1
CC1(c2ccccc2c3ccccc13)C4(C)c5ccccc5c6ccccc46,323.9,0.0,1
CC12CC3(C)CC(C)(C1)CC(C)(C2)C3,-283.35,1.7678,2
CC12CC3(C)SC(C)(CC(C)(S1)S3)S2,-37.0,0.0,1
CC12CC3C4CC5CC3C(C1)C(C5)C4C2,-157.3,0.0,1
CC12CC3CC(C)(C1)CC(C)(C3)C2,-255.0,0.0,1
CC12CC3CC(C1)CC(C)(C3)C2,-219.0,0.0,1
CC12CC3CC(CC(C3)C1)C2,-171.6,0.1414,2
CC12CC3CC4C5CC(CC14)CC2C5C3,-166.7,0.0,1
CC12CCC(C)(CC1)C2,-128.2,0.0,1
CC12CCC(C)(CC1)N=N2,92.4,0.0,1
CC12CCC(CC1=O)C2,-204.4,0.0,1
CC12CCCC1C2,1.5,0.0,1
CC12CCCCC1C2,-20.8,0.0,1
CC12COC(C)(OC1)OC2,-560.16,0.0,1
CC12COC(OC1)OC2,-506.8,0.0,1
CC1=C(C)C(=C)C(=C1C)C,83.3,0.0,1
CC1=C(C)CCC1,-41.4,0.0,1
CC1=CC(=N)NO1,20.0,0.0,1
CC1=CC(=O)C=CN1,-71.7,0.0,1
CC1=CC(=O)c2ccccc2N1,-23.3,0.0,1
CC1=CC1,244.0,0.0,1
CC1=CC2C(CC1)C2(C)C,25.0,0.0,1
CC1=CC2CCC1CC2,-18.6,0.0,1
CC1=CCCC1,-3.6225,0.8149,4
CC1=CCCCC1,-81.25,0.0,1
CC1=CCCO1,-126.4,5.374,2
CC1=CC[C@H]2[C@@H](C1)C2(C)C,19.0,0.0,1
CC1=CC[S](=O)(=O)C1,-291.6,0.0,1
CC1=Cc2ccccc2C=C(C)C1=O,-3.0,0.0,1
CC1=NCCO1,-130.5,0.0,1
CC1C(=C(C)C(=C1C)C)C,-25.0,0.0,1
CC1C2CC3C4CC5CC3C1C(C5)C4C2,-182.1,0.0,1
CC1C2CC3CC(C2)CC1C3,-151.7,0.4243,2
CC1C=CCC(C#N)(C#N)C1(C#N)C#N,596.7,0.0,1
CC1C=CC[S]1(=O)=O,-299.2,0.0,1
CC1CC1C=C,103.0,0.0,1
CC1CC=CC1,15.0,0.0,1
CC1CCC(=CC1)C(C)C,-111.2,0.0,1
CC1CCC(=O)O1,-406.5,0.0,1
CC1CCC2CCC(C)N12,-66.7,0.0,1
CC1CCC=C1,8.3433,1.1927,3
CC1CCCC(C)(C)CC1,-210.3,0.0,1
CC1CCCC1,-106.9333,1.0693,3
CC1CCCCC1,-157.35,3.6062,2
CC1CCCCN1,-84.5,0.0,1
CC1CCCS1,-63.89,0.0,1
CC1CCOCO1,-377.65,1.0607,2
CC1CCSC1,-60.54,0.0,1
CC1CS1,11.0,0.0,1
CC1OC(C)OC(C)O1,-636.0,0.0,1
CC1OC=C(C)O1,-423.0,0.0,1
CC1OCC(=C)O1,-383.0,0.0,1
CC1OCCCO1,-398.25,1.0607,2
CC1OCCO1,-350.0,0.0,1
CC1c2ccccc2c3ccccc13,148.0,0.0,1
CC=C,20.41,0.0,2
CC=C(C)C,-41.25,0.3536,2
CC=C(C=C)C=C,159.0,0.0,1
CC=C1C=CC=C1,185.0,0.0,1
CC=C1CCCC1,-20.0,0.0,1
CC=CC(C)=O,-136.0,0.0,1
CC=CC(O)=O,-368.5,0.0,1
CC=CC=O,-105.7,4.7159,3
CC=CCCl,-49.37,0.0,1
CC=CCl,-4.6,0.0,1
CC=NO,-22.55,0.0,1
CC=O,-170.7,0.0,1
CC=S,50.0,0.0,1
CCBr,-63.85,1.4754,4
CCC,-104.25,0.6364,2
CCC#C,165.65,0.6364,2
CCC#CC,128.9,0.0,1
CCC#CCC,105.4,0.0,1
CCC#Cc1ccccc1,248.6,0.0,1
CCC#N,51.46,0.0,1
CCC(/C)=C/C,-62.695,1.1526,2
CCC(=C)C(O)=O,-393.3,0.0,1
CCC(=C)C=C,63.6,0.0,1
CCC(=C)C=O,-131.2,0.0,1
CCC(=C)CC,-56.07,0.0,1
CCC(=O)C(C)(C)C,-313.8,0.0,1
CCC(=O)C(C)C,-286.1,0.0,1
CCC(=O)CC,-257.2833,3.5966,3
CCC(=O)CC(=O)C(C)(C)C,-470.9,0.0,1
CCC(=O)CC(=O)CC,-438.9,0.0,1
CCC(=O)CC(C)=O,-439.7,0.0,1
CCC(=O)N(C)C,-250.2,0.0,1
CCC(Br)CBr,-97.565,6.5549,2
CCC(C(C)=O)C(C)=O,-439.7,0.0,1
CCC(C(C)C)C(C)C,-227.4,0.0,1
CCC(C(O)=O)C(O)=O,-849.8,0.0,1
CCC(C)(Br)Br,-91.46,0.0,1
CCC(C)(C#N)C(C)(CC)C#N,64.06,0.0,1
CCC(C)(C)C,-185.6,0.0,1
CCC(C)(C)C(C)=O,-303.8,0.0,1
CCC(C)(C)C(C)C,-216.4,0.0,1
CCC(C)(C)C(CC)(C#N)C#N,61.3,0.0,1
CCC(C)(C)CC,-203.7,3.1113,2
CCC(C)(C)O,-329.3,0.0,1
CCC(C)(C)OC,-306.5,0.0,1
CCC(C)(C)OC(C)=O,-539.0,0.0,1
CCC(C)(C)ON=O,-192.0,0.0,1
CCC(C)(C)OOCCO,-464.1,0.0,1
CCC(C)(C)S,-126.9,0.0,1
CCC(C)(CC)CC,-215.0,0.0,1
CCC(C)(O)CC,-348.3,0.0,1
CCC(C)=C,-34.95,0.2121,2
CCC(C)=O,-238.4667,0.3215,3
CCC(C)Br,-120.0,0.0,1
CCC(C)C,-154.1,0.4,3
CCC(C)C#N,2.4,0.0,1
CCC(C)C(=O)OC,-492.5,0.0,1
CCC(C)C(C)(C)C,-220.1,0.0,1
CCC(C)C(C)=O,-284.1,0.0,1
CCC(C)C(C)C,-198.95,0.3536,2
CCC(C)C(C)CC,-213.0,0.0,1
CCC(C)C(O)=O,-495.4,0.0,1
CCC(C)C(c1ccc(cc1)C(C)(C)C)C(CC)(CC)c2ccc(cc2)C(C)(C)C,-170.0,0.0,1
CCC(C)CC,-171.6,0.0,1
CCC(C)CC(C)C,-219.4,0.0,1
CCC(C)CO,-302.0,0.0,1
CCC(C)CS,-114.7,0.0,1
CCC(C)Cl,-166.66,0.0,1
CCC(C)NC(C)CC,-183.6,0.0,1
CCC(C)NC(O)=N,-307.0,0.0,1
CCC(C)O,-292.9333,0.2082,3
CCC(C)OC(=O)C=CC,-425.0,0.0,1
CCC(C)OC(C)(C)C,-380.0,0.0,1
CCC(C)OC(C)CC,-361.0,0.0,1
CCC(C)ON=O,-153.0,0.0,1
CCC(C)S,-96.11,0.0,1
CCC(C)c1ccc(O)cc1,-190.3,0.0,1
CCC(C)c1ccccc1,-17.4,0.0,1
CCC(C)c1ccccc1O,-191.4,0.0,1
CCC(CC)(CC)C(CC)(CC)CC,-265.5,0.0,1
CCC(CC)(OC)C(CC)(CC)OC,-512.0,0.0,1
CCC(CC)C(C)C,-211.2,0.0,1
CCC(CC)CC,-190.55,1.2021,2
CCC(Cl)(Cl)[N+]([O-])=O,-168.0,0.0,1
CCC(Cl)=C,-29.3,0.0,1
CCC(Cl)C(=O)OCC(C)C,-609.2,0.0,1
CCC(Cl)C(=O)OCCC(C)C,-630.1,0.0,1
CCC(Cl)CCl,-191.2,0.0,1
CCC(I)CI,12.3,0.0,1
CCC(N)CN,-73.76,0.297,2
CCC(O)=N,-258.94,0.0,1
CCC(O)=O,-455.5333,0.4619,3
CCC(O)C(C)C,-338.9,0.0,1
CCC(O)CC,-316.8333,1.9757,3
CCC(OC)(OC)OC,-591.7,0.0,1
CCC/C=C/C,-52.6,1.8748,5
CCC/C=C/CC,-73.35,0.6245,4
CCC1(CCl)COC1,-193.3,0.0,1
CCC1=CCCC1,-22.45,3.6062,2
CCC1=CCCCC1,-63.6,0.0,1
CCC1=NCCO1,-148.9,0.0,1
CCC1CCC1,-27.0,0.9899,2
CCC1CCC=C1,-12.4,0.0,1
CCC1CCCC1,-128.25,1.6263,2
CCC1CCCCC1,-172.2,0.5657,2
CCC=C,-0.63,0.0,1
CCC=O,-189.325,2.5966,4
CCCBr,-87.465,6.4135,2
CCCC,-126.35,1.0607,2
CCCC#C,144.3,0.0,1
CCCC#CC,107.7,0.0,1
CCCC#CCC,82.8,0.0,1
CCCC#CCCC,60.1,0.0,1
CCCC#N,31.2,0.0,1
CCCC(=O)CC,-278.25,0.0,1
CCCC(=O)CCC,-298.3,0.0,1
CCCC(=O)N(C)C,-270.9,0.0,1
CCCC(=O)OC(C)(C)CC,-574.0,0.0,1
CCCC(=O)OC(C)CC,-545.2,0.0,1
CCCC(=O)OC1CCCCC1,-545.7,0.0,1
CCCC(=O)OCC,-485.0,0.0,1
CCCC(=O)OCC1CO1,-501.7,0.0,1
CCCC(C#N)N(CC)CC,-4.5,0.0,2
CCCC(C(C)=O)C(C)=O,-453.1,0.0,1
CCCC(C)(C)C,-207.85,2.3335,2
CCCC(C)(C)C#N,-45.78,0.0,1
CCCC(C)(C)CC,-220.1,0.0,1
CCCC(C)(C)S,-148.0,0.0,1
CCCC(C)(OC)C#N,-169.28,0.0,1
CCCC(C)=O,-259.1,0.0,1
CCCC(C)C,-174.3,0.0,1
CCCC(C)C(C)C,-213.9,0.0,1
CCCC(C)CC,-192.6,0.4243,2
CCCC(C)CCC,-212.1,0.0,1
CCCC(C)O,-313.7,0.9539,3
CCCC(CC)(c1ccc(cc1)C(C)(C)C)C(CC)(CCC)c2ccc(cc2)C(C)(C)C,-224.0,0.0,1
CCCC(CC)CC,-210.9,0.0,1
CCCC(CCC)(c1ccc(cc1)C(C)(C)C)C(CCC)(CCC)c2ccc(cc2)C(C)(C)C,-213.0,0.0,1
CCCC(O)=N,-279.135,0.0495,2
CCCC(O)=O,-475.9,0.0,2
CCCC(O)CC,-332.8,0.0,1
CCCC(O)CCC,-354.8,0.0,1
CCCC(O)CO,-465.1,0.0,1
CCCC/C=C/C,-74.04,0.9397,5
CCCC1CCCC1,-147.85,0.3536,2
CCCC1CCCCC1,-192.85,0.6364,2
CCCC=C,-22.0,0.0,1
CCCC=O,-207.0,3.3417,4
CCCCBr,-107.0,0.0,1
CCCCC,-146.7667,0.3512,3
CCCCC#C,122.3,0.0,1
CCCCC#CC,84.8,0.0,1
CCCCC#CCC,62.5,0.0,1
CCCCC#CCCC,42.0,0.0,1
CCCCC#CCCCC,18.7,0.0,1
CCCCC#Cc1ccccc1,226.0,0.0,1
CCCCC#N,11.1,0.0,1
CCCCC(/CCC)=N/O,-181.1,0.0,1
CCCCC(=O)CC(C)=O,-456.9,0.0,1
CCCCC(=O)CCC,-349.3,0.0,1
CCCCC(=O)CCCC,-344.9,0.0,1
CCCCC(=O)OC,-478.5,9.1924,2
CCCCC(=O)OC(C)C,-545.0,0.0,1
CCCCC(=O)OC(C)CC,-573.0,0.0,1
CCCCC(=O)OCC,-507.2333,0.4041,3
CCCCC(=O)OCC(C)C,-569.0,0.0,1
CCCCC(C(=O)OCC)(C(=O)OCC)C(=O)OCC,-1261.9,0.0,1
CCCCC(C(C)=O)C(C)=O,-465.3,0.0,1
CCCCC(C)(C)C,-224.7,0.0,1
CCCCC(C)(CCCC)C#N,-133.2,0.0,1
CCCCC(C)=O,-279.8,0.0,1
CCCCC(C)C,-195.6,0.8485,2
CCCCC(C)CC,-212.6,0.0,1
CCCCC(C)CCCC,-258.6,0.0,1
CCCCC(C)O,-333.0,2.8827,3
CCCCC(CC)C(O)=O,-559.5,0.0,1
CCCCC(CC)CO,-367.5,0.0,1
CCCCC(O)=O,-491.0,0.0,1
CCCCC(O)CC,-355.3,0.0,1
CCCCC(O)CO,-490.1,0.0,1
CCCCC1CCCC1,-168.3,0.0,1
CCCCC1CCCCC1,-213.2,0.0,1
CCCCC=C,-42.0,0.0,1
CCCCCBr,-129.8,0.0,1
CCCCCC,-167.15,0.0707,2
CCCCCC#C,102.75,1.4849,2
CCCCCC#CC,63.8,0.0,1
CCCCCC#CCC,42.0,0.0,1
CCCCCC#CCCC,19.9,0.0,1
CCCCCC(/CC)=N/O,-172.8,0.0,1
CCCCCC(=O)CC,-338.6,0.0,1
CCCCCC(=O)CCCCC,-387.4,0.0,1
CCCCCC(=O)OC,-494.0,0.0,1
CCCCCC(=O)OCC,-528.0,0.0,1
CCCCCC(C#N)C#N,135.8,0.0,1
CCCCCC(C)(C)C,-246.1,0.0,1
CCCCCC(C)C,-215.5,0.0,1
CCCCCC(C)O,-355.4,0.0,1
CCCCCC(O)=O,-512.0,0.0,1
CCCCCC1CCCC1,-188.9,0.0,1
CCCCCC1CCCCC1,-233.8,0.0,1
CCCCCC=C,-63.0,0.7,3
CCCCCCBr,-150.1,0.0,1
CCCCCCC,-188.55,1.0607,2
CCCCCCC#C,80.7,0.0,1
CCCCCCC#CC,43.6,0.0,1
CCCCCCC#CCC,21.8,0.0,1
CCCCCCC#N,-31.0,0.0,1
CCCCCCC(/C)=N/O,-180.8,0.0,1
CCCCCCC(=O)OC,-517.0,0.0,1
CCCCCCC(=O)OCC,-548.0,0.0,1
CCCCCCC(C)=O,-345.1,0.0,1
CCCCCCC(N(F)F)N(F)F,-221.0,0.0,1
CCCCCCC(O)=O,-538.5,1.7321,3
CCCCCCC1CCC(=O)O1,-496.0,0.0,1
CCCCCCC1CCCC1,-209.5,0.0,1
CCCCCCC1CCCCC1,-254.4,0.0,1
CCCCCCC=C,-82.93,0.0,2
CCCCCCC=O,-264.0,0.0,1
CCCCCCCBr,-170.2,0.0,1
CCCCCCCC,-208.55,0.2121,2
CCCCCCCC#C,62.3,0.0,1
CCCCCCCC#CC,23.6,0.0,1
CCCCCCCC#N,-50.6,0.0,1
CCCCCCCC(=O)OCC,-570.0,0.0,1
CCCCCCCC(C)=O,-340.8,0.0,1
CCCCCCCC(C)C,-260.2,0.0,1
CCCCCCCC(O)=O,-555.425,1.372,4
CCCCCCCC1CCCC1,-230.1,0.0,1
CCCCCCCC1CCCCC1,-275.0,0.0,1
CCCCCCCC=O,-291.9,0.0,1
CCCCCCCCBr,-190.1,0.0,1
CCCCCCCCC,-228.3,0.0,1
CCCCCCCCC#C,41.9,0.0,1
CCCCCCCCC(=O)N(C)C,-374.0,0.0,1
CCCCCCCCC(=O)OCC,-590.0,0.0,1
CCCCCCCCC(O)=O,-578.2,2.2517,3
CCCCCCCCC1CCCC1,-250.7,0.0,1
CCCCCCCCC1CCCCC1,-295.6,0.0,1
CCCCCCCCC=C,-124.0,0.8485,2
CCCCCCCCCC,-249.7,0.0,1
CCCCCCCCCC#N,-91.6,0.0,1
CCCCCCCCCC(=O)OCC,-612.0,0.0,1
CCCCCCCCCC(O)=O,-624.2,0.0,1
CCCCCCCCCC1CCCC1,-271.3,0.0,1
CCCCCCCCCC1CCCCC1,-316.2,0.0,1
CCCCCCCCCCC,-270.3,0.0,1
CCCCCCCCCCC#N,-113.4,0.0,1
CCCCCCCCCCC(=O)OCC,-634.0,0.0,1
CCCCCCCCCCC(C)=O,-404.3,0.0,1
CCCCCCCCCCC(CCCCCCCCCC)CCCCCCCCCC,-705.6,7.9196,2
CCCCCCCCCCC1CCCCC1,-336.9,0.0,1
CCCCCCCCCCC=C,-165.3,0.1414,2
CCCCCCCCCCCC,-289.5,1.9799,2
CCCCCCCCCCCC(CCCC)CCCCCCCCCC,-593.3,0.0,1
CCCCCCCCCCCC1CCCC1,-312.5,0.0,1
CCCCCCCCCCCC1CCCCC1,-357.2,0.2828,2
CCCCCCCCCCCCBr,-269.9,0.0,1
CCCCCCCCCCCCC,-311.5,0.0,1
CCCCCCCCCCCCC1CCCC1,-333.2,0.0,1
CCCCCCCCCCCCC1CCCCC1,-378.1,0.0,1
CCCCCCCCCCCCCC,-332.1,0.0,1
CCCCCCCCCCCCCC#N,-174.8,0.0,1
CCCCCCCCCCCCCC1CCCC1,-353.8,0.0,1
CCCCCCCCCCCCCC1CCCCC1,-398.7,0.0,1
CCCCCCCCCCCCCCC,-354.8,0.0,1
CCCCCCCCCCCCCCC1CCCC1,-374.4,0.0,1
CCCCCCCCCCCCCCC1CCCCC1,-419.3,0.0,1
CCCCCCCCCCCCCCC=C,-248.3,1.0536,3
CCCCCCCCCCCCCCCC,-374.8,0.1414,2
CCCCCCCCCCCCCCCC(O)=O,-730.0,0.0,1
CCCCCCCCCCCCCCCC1CCCCC1,-439.9,0.0,1
CCCCCCCCCCCCCCCCBr,-350.1,0.0,1
CCCCCCCCCCCCCCCCC,-393.9,0.0,1
CCCCCCCCCCCCCCCCC1CCCC1,-415.6,0.0,1
CCCCCCCCCCCCCCCCC1CCCCC1,-460.5,0.0,1
CCCCCCCCCCCCCCCCCC,-414.6,0.0,1
CCCCCCCCCCCCCCCCCC(CCCC)CCCC,-587.4,0.0,1
CCCCCCCCCCCCCCCCCCC,-435.1,0.0,1
CCCCCCCCCCCCCCCCCCCC,-455.8,0.0,1
CCCCCCCCCCCCCCCCCCCCCCCCCCCCCCCC,-696.6,0.0,1
CCCCCCCCCCCCCCCCCCCl,-446.0,0.0,1
CCCCCCCCCCCCCCCCO,-516.0,2.0224,3
CCCCCCCCCCCCCCF,-533.0,0.0,1
CCCCCCCCCCCCCCO,-475.5,0.9899,2
CCCCCCCCCCCCCl,-322.0,0.0,1
CCCCCCCCCCCCF,-489.22,0.0,1
CCCCCCCCCCCCO,-436.5,0.0,2
CCCCCCCCCCO,-395.0,0.0,1
CCCCCCCCCCOC,-381.1,0.0,1
CCCCCCCCCCS,-211.9,0.0,1
CCCCCCCCCF,-423.5,0.0,1
CCCCCCCCCO,-377.0,0.0,1
CCCCCCCCCl,-238.9,0.0,1
CCCCCCCCN,-173.5,0.0,1
CCCCCCCCN(CCCCCCCC)CCCCCCCC,-475.9,1.5556,2
CCCCCCCCNCCCCCCCC,-320.2,0.0,1
CCCCCCCCO,-356.0,0.0,1
CCCCCCCN,-216.0,0.0,1
CCCCCCCO,-340.0,0.0,1
CCCCCCCS,-149.5,0.0,1
CCCCCCC\C=N\O,-149.4,0.0,1
CCCCCCN,-193.9,0.0,1
CCCCCCO,-316.0,0.0,1
CCCCCCS,-129.3,0.0,1
CCCCCCl,-175.2,0.0,1
CCCCCO,-298.0,0.0,1
CCCCCOC(C)(C)C,-380.6,0.0,1
CCCCCOCC(O)COC(C)(C)C,-743.9,0.0,2
CCCCCOCC(O)COOC(C)(C)C,-695.0,0.0,1
CCCCCOCCCCC,-390.0,0.0,1
CCCCCS,-110.25,0.7778,2
CCCCCSC,-122.0,0.0,1
CCCCCSCCCCC,-205.0,0.0,1
CCCCCl,-154.6,0.0,1
CCCCN(F)[N+]([O-])=O,-112.0,0.0,1
CCCCN=CC(C)C,-91.2,0.0,1
CCCCN=NC,78.9,0.0,1
CCCCN=NCCCC,14.25,7.1418,2
CCCCNC,-108.3,0.0,1
CCCCNC(C)C,-165.0,0.0,1
CCCCNC(O)=N,-313.6,0.0,1
CCCCNCC(C)C,-175.0,0.0,1
CCCCNCCCC,-168.0,4.3841,2
CCCCNNCCCC,-59.4,0.0,1
CCCCO,-277.0,0.0,1
CCCCOC,-258.1,0.0,1
CCCCOC(=O)/C=C/CC,-440.0,0.0,1
CCCCOC(=O)C(C)(C)C,-566.0,0.0,1
CCCCOC(=O)C(C)CC,-558.9,0.0,1
CCCCOC(=O)C(C)Cl,-517.6,0.0,1
CCCCOC(=O)C(Cl)(Cl)Cl,-492.9,0.0,1
CCCCOC(=O)C(Cl)CC,-602.5,0.0,1
CCCCOC(=O)C(Cl)Cl,-497.9,0.0,1
CCCCOC(=O)C/C=C/C,-433.0,0.0,1
CCCCOC(=O)C=C,-378.2,4.1012,2
CCCCOC(=O)C=CC,-416.0,0.0,1
CCCCOC(=O)CC(C)Cl,-557.7,0.0,1
CCCCOC(=O)CCC=C,-427.0,0.0,1
CCCCOC(=O)CCCC,-560.0,0.0,1
CCCCOC(=O)CCCCl,-563.6,0.0,1
CCCCOC(=O)CCCl,-502.5,0.0,1
CCCCOC(=O)c1ccccc1C(=O)OCCCC,-686.3,0.0,1
CCCCOC(C)(C)C,-361.0,0.0,1
CCCCOC(C)(C)C#CC=C,-6.7,0.0,1
CCCCOC(C)(C)CC,-382.2,0.0,1
CCCCOC(C)=O,-566.0,0.0,1
CCCCOC(CC)OCCCC,-552.7,0.0,1
CCCCOC=C,-180.8,2.2627,2
CCCCOCC1CO1,-291.7667,0.1155,3
CCCCOCCCC,-334.0,0.0,2
CCCCOCOCCCC,-501.0,0.0,1
CCCCON=O,-146.0,0.0,1
CCCCO[S](=O)(=O)OCCCC,-829.0,0.0,1
CCCCO[S](=O)OCCCC,-625.1,0.0,1
CCCCSC,-101.7333,0.6429,3
CCCCSCC,-127.0,0.0,1
CCCCSCCCC,-167.3,0.1414,2
CCCCSSCCCC,-158.4,0.0,1
CCCC[S](=O)(=O)CCCC,-509.8,0.0,1
CCCC[S](C)(=O)=O,-459.7,0.0,1
CCCC\C=C/C,-69.75,0.7853,4
CCCCc1ccccc1,-13.3,0.7071,2
CCCCl,-132.0667,0.7506,3
CCCI,-31.0,0.0,1
CCCN(CCC)C(S)=S,-15.2,0.0,1
CCCN(CCC)CCC,-160.8,0.0,1
CCCN=NCCC,57.15,7.4246,2
CCCN=[N+]([O-])CCC,-31.0,0.0,2
CCCNCCC,-117.3,1.1314,2
CCCO,-256.0,0.0,1
CCCOC,-237.86,0.2263,2
CCCOC(=O)/C=C/C,-395.0,0.0,1
CCCOC(=O)/C=C/CC,-413.0,0.0,1
CCCOC(=O)C(Cl)(Cl)Cl,-460.2,0.0,1
CCCOC(=O)C(Cl)CC,-578.6,0.0,1
CCCOC(=O)C/C=C/C,-404.0,0.0,1
CCCOC(=O)CC(C)Cl,-538.1,0.0,1
CCCOC(=O)CCC=C,-398.0,0.0,1
CCCOC(=O)CCCCl,-538.1,0.0,1
CCCOC(=O)CCCl,-485.8,0.0,1
CCCOC(=O)CCl,-467.4,0.0,1
CCCOC=C,-162.0,0.0,1
CCCOCC,-272.2,0.0,1
CCCOCC(O)COC(C)(C)C,-708.0,0.0,1
CCCOCC(O)COOC(C)(C)C,-657.0,0.0,1
CCCOCC1CO1,-272.0,0.8485,2
CCCOCCC,-296.0,4.2426,2
CCCON=O,-119.0,0.0,1
CCCOO,-250.0,0.0,1
CCCO[S](=O)(=O)OCCC,-792.0,0.0,1
CCCO[S](=O)OCCC,-588.0,0.0,1
CCCS,-68.58,0.0,1
CCCSCC,-104.6,0.1414,2
CCCSCCC,-125.2,0.0,1
CCCSSCCC,-117.3,0.0,1
CCC[S](=O)(=O)CCC,-468.3,0.0,1
CCC[S](=O)CCC,-255.0,0.0,1
CCC\C=C/C,-49.02,2.5548,5
CCC\C=C/CC,-68.95,0.3873,4
CCCc1ccccc1,7.82,0.0,1
CCCl,-109.0,0.0,1
CCI,-7.45,1.5264,4
CCN,-57.7,0.0,1
CCN(CC)C#N,63.5,0.0,3
CCN(CC)C(=O)N(CC)CC,-316.4,0.0,1
CCN(CC)C(=S)c1ccccc1,81.1,0.0,1
CCN(CC)C(C)=O,-287.2,0.0,1
CCN(CC)C(C)C(=O)c1ccccc1,-124.1,0.0,1
CCN(CC)C(O)=N,-272.3,0.0,1
CCN(CC)C(S)=S,33.2,0.0,1
CCN(CC)CC#N,66.0,0.0,1
CCN(CC)CC(=O)c1ccccc1,-96.2,0.0,1
CCN(CC)CC(C)=O,-233.3,0.0,1
CCN(CC)SSN(CC)CC,-69.5,0.0,1
CCN(O)CC,-121.77,0.0,1
CCN=C1NC(NC(=N1)SC)=NC(C)C,38.5,0.0,1
CCNC(O)=N,-257.5,0.0,1
CCNC(O)=NCC,-282.9,0.0,1
CCNCC,-99.8,0.0,1
CCNc1cccc(C)c1,30.5,0.0,1
CCO,-234.0,0.0,1
CCOC,-216.4,0.0,1
CCOC(=O)/C=C/C,-376.0,0.0,1
CCOC(=O)/C=C/CC,-394.0,0.0,1
CCOC(=O)C#CCC,-250.0,0.0,1
CCOC(=O)C(=C)C=C,-290.0,0.0,1
CCOC(=O)C(C(=O)OCC)C(=O)OCC,-1173.1,0.0,1
CCOC(=O)C(C)(C(=O)OCC)C(=O)OCC,-1197.4,0.0,1
CCOC(=O)C(C)(C)C,-530.8,7.3539,2
CCOC(=O)C(C)C#N,-311.96,0.0,1
CCOC(=O)C(C)CC,-519.35,4.5962,2
CCOC(=O)C/C=C/C,-388.5,2.1213,2
CCOC(=O)CC,-465.05,2.0506,2
CCOC(=O)CC#CC,-238.0,0.0,1
CCOC(=O)CC(C)C,-527.2,0.0,1
CCOC(=O)CCC#C,-233.0,0.0,1
CCOC(=O)CCC=C,-385.0,0.0,1
CCOC(=O)CCCCl,-513.8,0.0,1
CCOC(=O)CN(C)C,-407.1,0.0,1
CCOC(=O)OCC,-640.15,3.182,2
CCOC(=O)\C=C/CC,-395.0,0.0,1
CCOC(=O)c1cc(C(=O)OCC)c(cc1C(=O)OCC)C(=O)OCC,-1477.65,2.3335,2
CCOC(C)(C)C,-315.9,2.687,2
CCOC(C)(C)OCC,-506.7,0.0,1
CCOC(C)(OCC)SCC,-454.0,0.0,1
CCOC(C)(OCC)c1ccc(cc1)C(C)(OCC)OCC,-793.6,0.0,1
CCOC(C)(OCC)c1ccccc1,-368.6,0.0,1
CCOC(C)(OCC)n1ccnc1,-296.8,0.0,1
CCOC(C)=O,-445.2325,1.2985,4
CCOC(C)OCC,-453.6,0.0,1
CCOC(COC)n1ccnc1,-255.3,0.0,1
CCOC(Cl)=O,-459.4,0.0,1
CCOC(O)=N,-446.3,0.0,1
CCOC(OCC)(OCC)OCC,-863.9,3.1113,2
CCOC(OCC)(SCC)C(F)(F)F,-1066.0,0.0,1
CCOC(OCC)OCC,-634.575,5.3018,4
CCOC(OCC)SCC,-436.8,0.0,1
CCOC1=C(OCC)C(=O)C1=O,-478.5,0.0,1
CCOC1OC(C)(C)C(C)(C)O1,-679.6,0.0,1
CCOC=C,-140.5333,0.6658,3
CCOCC,-249.6333,4.885,3
CCOCC#N,-69.5,0.0,1
CCOCC(O)COC(C)(C)C,-690.0,0.0,1
CCOCC(O)COOC(C)(C)C,-643.0,0.0,1
CCOCCCOCC,-436.2,0.0,1
CCOCCCl,-297.1,0.0,1
CCOCCOCC,-409.265,1.4637,2
CCOCOC(=O)CC,-617.4,0.0,1
CCOCOCC,-413.93,1.1738,2
CCOCOCOCC,-581.1,0.0,1
CCOCOCOCOCC,-741.0,0.0,1
CCOCOCOCOCOCC,-905.9,0.0,1
CCON=O,-108.0,0.0,1
CCOO,-210.0,0.0,1
CCO[N+]([O-])=O,-155.0,0.0,1
CCO[S](=O)(=O)OCC,-756.0,0.0,1
CCO[S](=O)OC,-524.0,0.0,1
CCO[S](=O)OCC,-552.0,0.0,1
CCOc1ccc(cc1)N=[N+]([O-])c2ccc(OCC)cc2,-37.4,0.0,1
CCS,-46.15,0.0,1
CCSC,-60.3,0.0,1
CCSC(=O)C(F)(F)F,-815.5,0.0,1
CCSC(C)(C)C,-148.0,0.0,1
CCSC(C)=O,-227.8,0.0,1
CCSC(C)C,-117.0,0.0,1
CCSC=O,-177.7,0.0,1
CCSCC,-83.11,0.5515,2
CCSCC=C,18.0,0.0,1
CCSCCSCC,-83.0,0.0,1
CCSCSCC,-65.2,0.0,1
CCSCc1ccccc1,52.0,0.0,1
CCSSC,-49.4,0.0,1
CCSSC(C)(C)C,-137.0,0.0,1
CCSSCC,-74.65,0.0707,2
CCSc1ccccc1,77.0,0.0,1
CC[C@@H]1CC2CCC1C=C2,-30.0,0.0,1
CC[C@H]1CC2CCC1C=C2,-23.0,0.0,1
CC[C@H]1C[C@@H]1CC,-49.1,0.0,1
CC[C@H]1C[C@H]1CC,-44.6,0.0,1
CC[CH]=[C]=[CH2],140.6,0.0,1
CC[N+]#[C-],132.6,0.0,1
CC[S](=O)(=O)C(C)(C)C,-491.4,0.0,1
CC[S](=O)(=O)CC,-429.3,0.0,1
CC[S](=O)(=O)CC=C,-322.3,0.0,1
CC[S](=O)C(C)(C)C,-274.0,0.0,1
CC[S](=O)CC,-205.0,0.0,1
CC[S](=O)CC=C,-104.0,0.0,1
CC[S](C)(=O)=O,-408.0,0.0,1
CC\C(=C(\CC)C(C)(C)C)C(C)(C)C,-168.3,0.0,1
CC\C=C/C,-28.0,0.0,1
CC\C=C/C#N,115.0,0.0,1
CC\C=C/C(C)(C)C,-96.6,0.0,1
CC\C=C/C=C,59.0,0.0,1
CC\C=C/CC,-47.28,0.9257,5
CC\C=C/Cl,-19.2,0.0,1
CC\C=C\C#N,119.7,0.0,1
CC\C=C\C(C)(C)C,-118.0,0.0,1
CC\C=C\CC,-51.62,3.3626,5
CC\C=C\Cl,-16.5,0.0,1
CC\C=C\[S](=O)(=O)c1ccc(C)cc1,-230.0,0.0,1
CCc1[nH]ccn1,68.3,0.0,1
CCc1cc(CC)cc(c1)C(O)=O,-407.8,0.0,1
CCc1ccc(C)cc1,-3.3,0.0,1
CCc1ccc(C)nc1,34.9,0.0,1
CCc1ccc(O)cc1,-144.3,0.0,1
CCc1ccc(cc1)C(O)=O,-355.6,0.0,1
CCc1ccc(cc1N=C=O)N=C=O,-135.0,0.0,1
CCc1cccc(C)c1,-1.9,0.0,1
CCc1cccc(O)c1,-146.2,0.0,1
CCc1cccc(c1)C(O)=O,-346.8,0.0,1
CCc1cccc2cccc(C)c12,98.1,0.0,1
CCc1ccccc1C,1.2,0.0,1
CCc1ccccc1C(O)=O,-340.7,0.0,1
CCc1ccccc1O,-145.2,0.0,1
CCl,-83.36,1.8838,4
CCn1c2ccccc2c3ccccc13,169.7,0.0,1
CF,-240.65,8.9803,2
CI,14.9667,0.9074,3
CN,-17.85,7.9903,2
CN(C)/C=C/C=C/C=C/C=O,21.6,0.0,1
CN(C)/C=C/C=O,-104.0,0.0,1
CN(C)C,-27.2,4.9497,2
CN(C)C(=O)C(C)(C)C,-286.1,0.0,1
CN(C)C(=O)C12CC3CC(CC(C3)C1)C2,-286.1,0.0,1
CN(C)C(=O)N(C)C,-205.6,0.0,1
CN(C)C(=O)c1ccc(Cl)cc1,-111.0,0.0,1
CN(C)C(=O)c1ccc(cc1)[N+]([O-])=O,-86.0,0.0,1
CN(C)C(=O)c1ccccc1,-84.6,1.9799,2
CN(C)C(=S)N(C)C,44.7,0.0,1
CN(C)C(=S)c1ccccc1,136.1,0.0,1
CN(C)C(C#N)c1ccccc1,220.32,0.0,1
CN(C)C(O)=N,-220.0,0.0,1
CN(C)C(S)=S,64.3,0.0,1
CN(C)CC#N,114.39,0.0,1
CN(C)CC(=O)c1ccccc1,-46.3,0.0,1
CN(C)CC(C)=O,-180.1,0.0,1
CN(C)CCC#N,93.55,4.4548,2
CN(C)CCCN,-38.2,5.7193,3
CN(C)CO,-203.3,0.0,1
CN(C)N,83.3,0.0,1
CN(C)[N+]([O-])=O,-5.0,0.0,1
CN(C)\C=C\C=C\C=O,-29.1,0.0,1
CN(C)c1ccc(C)cc1,68.9,0.0,1
CN(C)c1ccc(cc1)N=O,185.0,0.0,1
CN(C)c1ccc(cc1)[N+]([O-])=O,65.05,3.182,2
CN(C)c1cccc(C)c1,72.6,0.0,1
CN(C)c1cccc(c1)[N+]([O-])=O,72.6,0.0,1
CN(C=O)c1ccccc1,-75.6,0.0,1
CN([N+]([O-])=O)[N+]([O-])=O,48.3,7.3539,2
CN1C(=O)C=CC1=O,-256.0,0.0,1
CN1C(=O)CCC1=O,-389.7,0.0,1
CN1C(=O)N(C)C(=O)N(C)C1=O,-590.5,0.0,1
CN1C(=O)c2ccccc2C1=O,-233.9,0.0,1
CN1C=CC(=O)N(C)C1=O,-313.6,0.0,1
CN1CCCC1=O,-210.85,0.0,1
CN1NC(=N)N=N1,300.85,2.8991,2
CN1NN=NC1=N,307.8,7.6368,2
CN=C(C)O,-248.0,0.0,1
CNC,-21.4,3.3941,2
CNC(/C)=C/C(=O)c1ccccc1,-53.7,0.0,1
CNC(O)=N,-234.59,1.5415,2
CNC(O)=NC,-221.6,0.0,1
CNCC(O)=O,-367.2,0.0,1
CNN,94.5,0.0,1
CNc1ccccc1,84.65,1.0607,2
CO,-205.0,0.0,1
COC,-184.1,0.0,1
COC(=C)OC,-280.7,0.0,1
COC(=O)/C=C/C,-342.0,0.0,1
COC(=O)C(=O)OC,-709.485,0.3041,2
COC(=O)C(C(=O)OC)C(=O)OC,-1054.7,0.0,1
COC(=O)C(C)(C)C(=O)OC,-802.74,0.0,1
COC(=O)C(C)=C,-340.6667,8.9623,3
COC(=O)C(C)C(=O)OC,-768.56,0.0,1
COC(=O)C(C)CC(C)(C)C,-566.3,0.0,1
COC(=O)C(F)(F)C(F)(F)F,-1428.3,0.0,1
COC(=O)C(F)(F)F,-992.9,0.0,1
COC(=O)C12C3C4CC5C3C1C5C24,26.0,0.0,1
COC(=O)C12CC1C2,-164.6,0.0,1
COC(=O)C12CC3CC(CC(C3)C1)C2,-495.4,0.0,1
COC(=O)C1CC1,-304.7,0.0,1
COC(=O)C1CCC1,-352.8,3.5355,2
COC(=O)C=C,-333.0,0.0,1
COC(=O)CC#N,-243.3,0.0,1
COC(=O)CC(=O)OC,-737.8,0.0,2
COC(=O)CC(C)(C)C,-511.7,0.0,1
COC(=O)CC(C)C,-497.9,0.0,1
COC(=O)CCl,-444.0,0.0,1
COC(=O)CN(C)C,-370.4,0.0,1
COC(=O)CO,-556.9,0.0,1
COC(=O)[C@@H](C)N(C)C,-394.4,0.0,1
COC(=O)c1c(C)[n+]([O-])c2ccccc2[n+]1[O-],-148.7,0.0,1
COC(=O)c1cc(C(=O)OC)c(cc1C(=O)OC)C(=O)OC,-1355.5,5.0587,3
COC(=O)c1ccc(C)cc1,-312.6,0.0,1
COC(=O)c1ccc(Cl)cc1,-305.0,0.0,1
COC(=O)c1ccc(OC)cc1,-433.0,0.0,1
COC(=O)c1ccc(cc1)[N+]([O-])=O,-287.0,0.0,1
COC(=O)c1ccc2cc(ccc2c1)C(=O)OC,-555.1,0.0,1
COC(=O)c1cccc(c1)C(=O)OC,-629.6,0.5657,2
COC(=O)c1ccccc1C(=O)OC,-606.1,0.0,1
COC(=O)c1oc(cc1)[N+]([O-])=O,-367.0,0.0,1
COC(=O)c1occc1,-405.0,0.0,1
COC(C#N)(c1ccccc1)C(OC)(C#N)c2ccccc2,175.0,0.0,1
COC(C#N)C(C)(C)C,-164.7,0.0,1
COC(C#N)c1ccccc1,26.5,0.0,1
COC(C)(C)C,-283.4667,1.4189,3
COC(C)(C)C#N,-125.4,0.0,1
COC(C)(C)OC,-423.7367,1.6276,3
COC(C)(OC)N(C)C,-387.0,0.0,1
COC(C)(OC)OC,-571.78,1.3011,2
COC(C)(OC)c1ccccc1,-288.5,0.0,1
COC(C)(c1ccccc1)C(C)(OC)c2ccccc2,-183.0,0.0,1
COC(C)=C,-148.6,0.0,1
COC(C)=O,-410.0,0.0,1
COC(C)C,-252.0,0.0,1
COC(C)OC,-389.7,0.0,1
COC(CCl)(OC)OC,-614.0,0.0,1
COC(O)(C(F)(F)F)C(F)(F)F,-1506.0,0.0,1
COC(O)=N,-425.3,0.0,1
COC(OC)(OC)OC,-727.4,0.2828,2
COC(OC)(OC)c1ccccc1,-431.35,2.7577,2
COC(OC)(n1ccnc1)c2ccccc2,-77.5,0.0,1
COC(OC)/C=C/C,-303.0,0.0,1
COC(OC)N(C)C,-356.0,0.0,1
COC(OC)OC,-531.85,0.0707,2
COC(OC)c1ccccc1,-248.94,0.0,1
COC([O-])=O,-607.0,0.0,1
COC1(CCCC1)OC,-397.0,0.0,1
COC1(CCCCC1)OC,-441.0,0.0,1
COC1=CCCCC1,-161.0,0.0,1
COC1OCCO1,-482.4,1.1314,2
COCC#N,-35.65,0.0,1
COCCOC(C)=O,-572.6,0.0,1
COCCOCCOC,-519.2333,6.7419,3
COCI,-123.0,0.0,1
COCOC,-348.2,0.0,1
COF,-96.0,0.0,1
CON=O,-65.98,3.779,3
COO,-131.0,0.0,1
COOC,-126.0,0.0,1
CO[C@@](C#N)(c1ccccc1)[C@@](OC)(C#N)c2ccccc2,170.0,0.0,1
CO[N+]([O-])=O,-122.0,0.0,1
CO[S](=O)(=O)OC,-687.0,0.0,1
CO[S](=O)OC,-483.0,0.0,1
COc1cc(C)ccc1O,-291.9,0.0,1
COc1cc(OC)c(C#N)c(OC)c1,-244.6,0.0,1
COc1ccc(OC)c(c1)C(O)=O,-578.6,0.0,1
COc1ccc(cc1)C(=O)N(C)C,-224.6,0.0,1
COc1ccc(cc1)C(Cl)=O,-261.8,0.0,1
COc1ccc(cc1)C(O)=O,-451.9,0.0,1
COc1ccc(cc1)C=[N+]([O-])c2ccccc2,109.7,0.0,1
COc1ccc(cc1)N=C(O)c2ccc(cc2)C(O)=Nc3ccc(OC)cc3,-320.0,0.0,1
COc1ccc(cc1)N=[N+]([O-])c2ccc(OC)cc2,33.4,0.0,1
COc1ccc2c(c1)no[n+]2[O-],148.3,0.0,1
COc1ccc2nonc2c1,147.1,0.0,1
COc1cccc(NC(=O)c2ccc(cc2)C(=O)Nc3cccc(OC)c3)c1,-340.0,0.0,1
COc1cccc(O)c1O,-418.5,0.0,1
COc1cccc(c1)C(O)=O,-446.1,0.0,1
COc1ccccc1,-72.5975,4.0282,4
COc1ccccc1C(O)=O,-433.8,0.0,1
COc1ccccc1NC(=O)c2ccc(cc2)C(=O)Nc3ccccc3OC,-310.0,0.0,1
CS,-22.8,0.0,1
CSC,-35.8333,2.9738,3
CSC(=S)SC,57.7,0.0,1
CSC(C)(C)C,-121.0,0.0,1
CSC(C)C,-89.66,0.0,1
CSC1=NC(NC(N1)=NC(C)C)=NC(C)C,7.0,0.0,1
CSC1CCCC1,-64.35,0.0,1
CSCC[C@@H](N)C(O)=O,-413.5,0.0,1
CSCI,27.0,0.0,1
CSCc1ccccc1,79.0,0.0,1
CSI,30.0,0.0,1
CSO,-190.0,0.0,1
CSSC,-24.0667,0.0577,3
CSSC(C)(C)C,-112.0,0.0,1
CSSC(C)C,-79.1,0.0,1
CSc1ccccc1,97.64,0.5091,2
C[C@@H](N)C(O)=O,-414.7,0.0,1
C[C@@H]1C2CCC(CC2)[C@H]1C#N,131.5,6.364,2
C[C@@H]1CC2CCC1C=C2,-1.0,0.0,1
C[C@@H]1CCCC[C@@H]1O,-300.7,0.0,1
C[C@@H]1COCO[C@H]1C,-411.0,0.0,1
C[C@@H]1C[C@@H]2[C@H](C[C@H]1O)C2(C)C,-234.1,0.0,1
C[C@@H]1[C@@H](O)C[C@@H]2C[C@H]1C2(C)C,-188.0,0.0,1
C[C@@H]1[C@@H]2CC[C@@H](CC1=O)C2(C)C,-153.0,0.0,1
C[C@@]1(C[C@@H]1C2CC2)C3CC3,179.2,0.0,1
C[C@@]1(O)CCC2C(C1)C2(C)C,-250.0,0.0,1
C[C@@]12CCCC[C@H]1CC(=O)C2,-275.2,0.0,1
C[C@@]12C[C@@H]1[C@H]3CC[C@@H]23,235.0,0.0,1
C[C@@]12C[C@@]3(C)C(C)(C)[C@@]3(C)C[C@@H]1O2,-107.0,0.0,2
C[C@H](Br)[C@@H](C)Br,-101.6,0.0,1
C[C@H](Cl)[C@@H](C)Cl,-202.3,0.0,1
C[C@H](Cl)[C@H](C)Cl,-202.2,0.0,1
C[C@H]1C2CCC(CC2)[C@H]1C#N,133.5,0.7071,2
C[C@H]1C2C[C@@H](CC1=O)C2(C)C,-149.0,0.0,1
C[C@H]1CC2CCC1C=C2,-7.1,0.0,1
C[C@H]1CCC[C@@H]1C,-136.7,0.0,1
C[C@H]1CCC[C@H]1C,-129.5,0.0,1
C[C@H]1CCO[C@@H](C)O1,-426.6,1.9799,2
C[C@H]1CC[C@@H](C)C1,-133.6,0.0,1
C[C@H]1CC[C@H](C)C1,-135.9,0.0,1
C[C@H]1C[C@@H](C)C[C@@H](C)C1,-215.4,0.0,1
C[C@H]1C[C@@H](C)OC(C)(C)O1,-497.2,1.1314,2
C[C@H]1C[C@H](C)C[C@@H](C)C1,-206.6,0.0,1
C[C@H]1C[C@H](C)OC(C)(C)O1,-484.7,0.4243,2
C[C@H]1C[C@H](C)OC(C)O1,-447.0,0.0,1
C[C@H]1O[C@@H](C)O[C@@H](C)O1,-636.2,0.0,1
C[C@H]1[C@@H](O)C[C@@H]2C[C@H]1C2(C)C,-182.0,2.8284,2
C[C@H]1[C@H](O)C[C@]2(C)C[C@@]1(C)C2(C)C,-182.0,0.0,1
C[C@]1(C[C@@H]1C2CC2)C3CC3,181.0,0.0,1
C[C@]1(O)CCC2C(C1)C2(C)C,-259.0,0.0,1
C[C@]12CCCC[C@H]1CC(=O)C2,-287.0,0.0,1
C[C@]12C[C@@]3(C)C(C)(C)[C@@]3(C)C[C@H]1O2,-98.0,0.0,2
C[CH]=[C]=[CH2],163.8,2.2627,2
C[CH]=[C]=[CH]C,133.0,0.0,1
C[C](C)=[C]=[CH2],129.085,0.0212,2
C[C]1=[C]=[C](C)CC[C](=[C]=[C](C)CC1)C,360.0,0.0,1
C[N+]([O-])=O,-81.0,0.0,1
C[N+]([O-])=[N+](C)[O-],65.9,0.0,1
C[S](=O)(=O)CC=C,-305.3,0.4243,2
C[S](=O)(=O)Cc1ccccc1,-278.5,9.1924,2
C[S](=O)(=O)c1ccccc1,-253.4,0.0,1
C[S](C)(=O)=O,-373.0,0.0,1
C[S](C)=O,-150.5,0.0,1
C[Si](C)(C)C,-286.6,0.0,1
C[Si](Cl)(Cl)Cl,-528.86,0.0,1
C[Si](F)(F)F,-1232.71,0.0,1
C\1/C=C\C/C=C\C=C1,196.3,0.0,1
C\1C\C=C/CC\C=C1,101.0,0.0,1
C\1C\C=C\CC/C=C1,196.0,0.0,1
C\1C\C=C\CC\C=C1,158.6667,3.0551,3
C\C(=C(/C)C(C)(C)C)C(C)(C)C,-123.1,0.0,1
C\C(=C(\C)C(C)(C)C)C(C)(C)C,-149.5,0.0,1
C\C1=C/CCCCCC1,-5.4,0.0,1
C\C=C(/C)O,-214.0,0.0,1
C\C=C(C)/C(C)=C/C,3.1,0.0,1
C\C=C(C)/C(C)=C\C,-3.8,0.0,1
C\C=C(C)\C(C)=C\C,-2.3,0.0,1
C\C=C(\C)O,-212.0,0.0,1
C\C=C/1CCC=C1,84.5,0.0,1
C\C=C/Br,40.8,0.0,1
C\C=C/C,-7.7,0.0,1
C\C=C/C#C,258.0,0.0,1
C\C=C/C#N,134.0,0.0,1
C\C=C/C=C,82.72,0.0,1
C\C=C/C=C/C,48.0,0.0,1
C\C=C/C=C\C,52.0,0.0,1
C\C=C/CC=C,77.0,0.0,1
C\C=C/Cl,-15.0,0.0,1
C\C=C/F,-176.0,0.0,1
C\C=C/I,86.4,0.0,1
C\C=C/O,-174.0,0.0,1
C\C=C1/CC2CC1C=C2,150.4,0.0,1
C\C=C1\CC2CC1C=C2,146.215,0.7283,2
C\C=C\Br,43.9,0.0,1
C\C=C\C,-10.8,0.0,1
C\C=C\C#C,259.0,0.0,1
C\C=C\C#N,140.7,0.0,1
C\C=C\C(=O)OC(C)(C)C,-424.0,0.0,1
C\C=C\C(=O)OC(C)C,-411.0,0.0,1
C\C=C\C(=O)OCCC(C)C,-447.0,0.0,1
C\C=C\C=C,75.77,0.0,1
C\C=C\C=C\C,44.0,0.0,1
C\C=C\CC#N,126.0,0.0,1
C\C=C\CC(=O)OC(C)C,-425.0,0.0,1
C\C=C\CC(=O)OCC(C)C,-453.0,0.0,1
C\C=C\CC=C,74.0,0.0,1
C\C=C\CCl,-43.1,0.0,1
C\C=C\C[S](=O)(=O)c1ccc(C)cc1,-241.0,0.0,1
C\C=C\Cl,-12.0,0.0,1
C\C=C\F,-173.0,0.0,1
C\C=C\I,93.1,0.0,1
C\C=C\O,-169.0,0.0,1
C\C=C\[S](=O)(=O)c1ccc(C)cc1,-209.0,0.0,1
Cc1[nH]c(C)cc1,39.7,0.0,1
Cc1[nH]ccn1,89.8,0.0,1
Cc1c(C)c(C)c(C)c(C)c1C,-77.85,0.6364,2
Cc1c(C)c(C)c(c(C)c1C)C(O)=O,-422.9,0.0,1
Cc1c(C)c2c3ccccc3ccc2c4ccccc14,262.0,0.0,1
Cc1c(C)c2ccccc2c3ccccc13,167.0,0.0,1
Cc1c(F)c(F)c(F)c(F)c1F,-843.3,0.0,1
Cc1c(cc(cc1[N+]([O-])=O)[N+]([O-])=O)[N+]([O-])=O,24.1,0.0,1
Cc1c[n+]([O-])c2ccccc2[n+]1[O-],169.9,0.0,1
Cc1cc(C(O)=O)c(C)c(C)c1C,-398.7,0.0,1
Cc1cc(C)c(C#[N+][O-])c(C)c1,135.2,2.5456,2
Cc1cc(C)c(C(O)=O)c(C)c1C,-398.1,0.0,1
Cc1cc(C)c(C)c(C(O)=O)c1C,-400.05,0.0707,2
Cc1cc(C)c(C)c(C)c1,-44.7,1.6703,3
Cc1cc(C)c(C)c(C)c1C,-62.45,6.7175,2
Cc1cc(C)c(C)c(c1)C(O)=O,-382.2,0.0,1
Cc1cc(C)c(C)cc1C,-46.4333,0.9866,3
Cc1cc(C)c(N=O)c(C)c1,107.4,0.0,1
Cc1cc(C)c(c(C)c1)C(O)=O,-374.2,0.0,1
Cc1cc(C)c(c(C)c1)[N+]([O-])=O,-26.8,0.0,1
Cc1cc(C)c(cc1C)C(O)=O,-386.2,0.0,1
Cc1cc(C)c2CCC(C)(C)c2c1,-70.4,0.0,1
Cc1cc(C)c2CCCc2c1,-5.8,0.0,1
Cc1cc(C)c2c(ccc3cc(C)cc(C)c23)c1,130.0,0.0,1
Cc1cc(C)cc(O)c1,-161.6,0.0,1
Cc1cc(C)cc(c1)C(O)=O,-364.3,0.2828,2
Cc1cc(O)nc2ccccc12,-61.0,0.0,1
Cc1cc(c(O)c(c1)C(C)(C)C)C(C)(C)C,-296.9,0.0,1
Cc1cc(cc(C)c1C)C(O)=O,-389.8,0.0,1
Cc1cc(on1)c2ccccc2,103.0,0.0,1
Cc1cc2cc3ccc4ccccc4c3cc2cc1C,277.0,0.0,1
Cc1cc2ccccc2cc1C,78.0,2.687,2
Cc1ccc(C(O)=O)c(C)c1C,-377.3,0.0,1
Cc1ccc(C)c(C(O)=O)c1C,-371.2,0.0,1
Cc1ccc(C)c(C)c1,-13.9,0.0,1
Cc1ccc(C)c(C)c1C,-39.1333,4.1199,3
Cc1ccc(C)c(O)c1,-161.7,0.0,1
Cc1ccc(C)c(c1)C(O)=O,-351.1,0.0,2
Cc1ccc(C)c2CCCc12,-7.4,0.0,1
Cc1ccc(C)c2c(C)ccc(C)c12,81.6,0.0,1
Cc1ccc(C)c2c1CCC2(C)C,-62.5,0.0,1
Cc1ccc(C)cc1,17.9,0.0,1
Cc1ccc(C)nc1,66.4,0.0,1
Cc1ccc(F)cc1,-147.5,0.0,1
Cc1ccc(I)cc1,122.0,0.0,1
Cc1ccc(O)c(C)c1,-163.0,0.0,1
Cc1ccc(O)c(O)c1,-298.4,0.0,1
Cc1ccc(O)c(c1)C(C)(C)C,-212.5,7.7782,2
Cc1ccc(O)cc1,-125.35,0.0707,2
Cc1ccc(O)cc1C,-156.6,0.0,1
Cc1ccc(O)cn1,-69.8,0.0,1
Cc1ccc(c(C)c1)C(O)=O,-355.0,0.0,2
Cc1ccc(cc1)C(C)(C)C,-57.0,0.0,1
Cc1ccc(cc1)C(Cl)=O,-139.7,0.0,1
Cc1ccc(cc1)C(O)=O,-328.4333,3.4064,3
Cc1ccc(cc1)[N+]([O-])=O,30.9,0.0,1
Cc1ccc(cc1)[S](=O)(=O)/C=C/c2ccccc2,-69.6,0.0,1
Cc1ccc(cc1)[S](=O)(=O)C=C,-162.0,0.0,1
Cc1ccc(cc1)[S](=O)(=O)CC#C,0.8,0.0,1
Cc1ccc(cc1)[S](=O)(=O)CC=C,-203.0,0.0,1
Cc1ccc(cc1)[S](=O)(=O)CCC=C,-226.0,0.0,1
Cc1ccc(cc1)[S](=O)(=O)[CH]=[C]=[CH2],-32.0,0.0,1
Cc1ccc(cc1)[S](=O)(=O)\C=C/c2ccccc2,-59.8,0.0,1
Cc1ccc(cc1)[S](=O)(=O)c2ccc(C)cc2,-202.0,0.0,1
Cc1ccc(cc1)[S](C)(=O)=O,-273.1,0.0,1
Cc1ccc(cc1)c2ccc(C)cc2,111.3,0.0,1
Cc1ccc(cc1)c2ccccc2,138.2,0.0,1
Cc1ccc(cc1C)C(O)=O,-362.4,0.0,2
Cc1ccc(cc1Cl)N=C=O,-77.0,0.0,1
Cc1ccc(cc1[N+]([O-])=O)[N+]([O-])=O,33.2,0.0,1
Cc1ccc2c(c1)no[n+]2[O-],267.4,0.0,1
Cc1ccc2c(ccc3cc(C)ccc23)c1,143.0,0.0,1
Cc1ccc2cc3c(ccc4cc(C)ccc34)cc2c1,189.05,0.0707,2
Cc1ccc2ccc(C)cc2c1,79.5,0.0,1
Cc1ccc2ccc(C)nc2c1,121.8,0.0,1
Cc1ccc2ccc3ccc(C)c(C)c3c2c1C,160.0,0.0,1
Cc1ccc2cccc(O)c2n1,-39.4,0.0,1
Cc1ccc2ccccc2c1,111.15,7.0004,2
Cc1ccc2ccccc2n1,159.1,0.0,1
Cc1ccc2nc(C)ccc2c1,120.9,0.0,1
Cc1ccc2ncccc2c1,161.0,0.0,1
Cc1cccc(C(O)=O)c1C,-345.8,0.0,2
Cc1cccc(C)c1,17.2,0.0,1
Cc1cccc(C)c1C,-9.6,0.0,1
Cc1cccc(C)c1C#N,146.2,0.0,1
Cc1cccc(C)c1C(O)=O,-341.6,0.0,2
Cc1cccc(C)c1N=O,139.8,0.0,1
Cc1cccc(C)c1O,-164.5667,8.7831,3
Cc1cccc(C)c1[N+]([O-])=O,8.6,0.0,1
Cc1cccc(C)n1,57.4,1.8385,2
Cc1cccc(I)c1,133.0,0.0,1
Cc1cccc(O)c1,-129.25,7.9944,4
Cc1cccc(O)c1C,-157.3,0.0,1
Cc1cccc(O)c1O,-299.3,0.0,1
Cc1cccc(O)n1,-120.3,0.0,1
Cc1cccc(c1)C(C)(C)C,-54.0,0.0,1
Cc1cccc(c1)C(O)=O,-328.5,0.8485,2
Cc1cccc(c1N)C(C)(C)C,-44.8,0.0,1
Cc1cccc2ccc3ccccc3c12,195.8,0.0,1
Cc1cccc2cccc(C)c12,108.7,0.1414,2
Cc1cccc2ccccc12,116.9,0.0,1
Cc1cccc2cccnc12,167.7,0.0,1
Cc1ccccc1,49.3667,1.1846,3
Cc1ccccc1C,19.0,0.0,1
Cc1ccccc1C(C)(C)C,-33.0,0.0,1
Cc1ccccc1C(O)=O,-324.1333,6.1199,3
Cc1ccccc1I,133.0,0.0,1
Cc1ccccc1N,53.1333,1.701,3
Cc1ccccc1O,-128.45,0.2121,2
Cc1ccccc1c2ccccc2,152.8,0.0,1
Cc1cccnc1C,68.3,0.0,1
Cc1ccnc(C)c1,63.9,0.0,1
Cc1ccnc(c1)c2cc(C)ccn2,209.3,0.0,1
Cc1ccnc2ccccc12,162.1,0.0,1
Cc1ccncc1,100.2075,5.0641,4
Cc1ccncc1C,70.0,0.0,1
Cc1cnc(C)c(C)n1,74.3,0.0,1
Cc1cnc(O)nc1O,-328.7,0.0,1
Cc1cncc(C)c1,72.8,0.0,1
Cc1cscc1,82.59,0.0,1
Cc1cscn1,111.8,0.0,1
Cc1n[nH]nn1,280.7,0.0,1
Cc1nc(C)c(C)nc1C,54.7,0.0,1
Cc1nc2ccccc2nc1C,172.9,0.0,1
Cc1ncccc1O,-84.5,0.0,1
Cc1nccnc1C,126.0,0.0,1
Cc1no[n+]([O-])c1C,102.0,0.0,1
Cc1noc(N)c1C,5.2,0.0,1
Cc1nonc1C,107.0,0.0,1
Cc1oc2cc3ccccc3c2c(C)c1C,2.0,0.0,1
Cc1onc(C)c1,-18.0,0.0,1
Cc1onc(C)c1C,-20.0,0.0,1
Cc1onc(c1)c2ccccc2,98.7,0.0,1
Cc1sccc1,84.35,0.0,1
Cl,-92.31,0.0,2
ClB(Cl)B(Cl)Cl,-489.11,0.0,1
ClB(Cl)Cl,-402.96,0.0,1
ClB1OB(Cl)OB(Cl)O1,-1631.76,0.0,1
ClBBr,-10.46,0.0,1
ClBr,14.64,0.0,1
ClC#C,219.9,8.6267,2
ClC#N,137.95,0.0,1
ClC(=O)C(Cl)(Cl)Cl,-253.0,0.0,1
ClC(=O)C(Cl)=O,-335.8,0.0,1
ClC(=O)c1ccc(Cl)cc1,-128.9,0.0,1
ClC(=O)c1ccccc1,-109.0,0.0,1
ClC(Cl)(Cl)Br,-40.5,2.1213,2
ClC(Cl)(Cl)C(=O)OCC=C,-343.0,0.0,1
ClC(Cl)(Cl)C(Cl)(Cl)Cl,-141.9733,7.1139,3
ClC(Cl)(Cl)Cl,-100.0,0.0,1
ClC(Cl)(Cl)c1ccccc1,12.5,0.0,1
ClC(Cl)=C,2.1,0.1414,2
ClC(Cl)=C(Cl)Cl,-17.1433,6.0755,3
ClC(Cl)=C1C(Cl)(Cl)C(=C(Cl)C1(Cl)Cl)Cl,-4.1,0.0,1
ClC(Cl)C(Cl)(Cl)Cl,-150.45,7.7075,2
ClC(Cl)C(Cl)=O,-241.0,0.0,1
ClC(Cl)C(Cl)Cl,-156.15,0.7778,2
ClC(Cl)Cl,-103.04,0.198,2
ClC1=C(Cl)C(Cl)(Cl)C(=C1Cl)Cl,-11.7,0.0,1
ClC1=C(Cl)C(Cl)(Cl)C(Cl)(Cl)C1(Cl)Cl,-96.7,0.0,1
ClC1CCCCC1,-164.8267,1.4492,3
ClC=C,29.08,7.6725,5
ClC=C(Cl)Cl,-14.3333,7.3242,3
ClCBr,-20.0,0.0,1
ClCC(Cl)=O,-246.0,0.0,1
ClCC(Cl)CCl,-183.0,0.0,1
ClCC(Cl)Cl,-148.1,0.1414,2
ClCC1(CCl)COC1,-204.0,0.0,1
ClCC1CO1,-108.0,0.0,1
ClCC=C,-5.6,0.0,1
ClCCC=C,-28.9,0.0,1
ClCCCCCl,-183.4,0.0,1
ClCCCl,-128.8,3.3045,3
ClCCI,-47.7,0.0,1
ClCCl,-95.44,0.3079,3
ClCc1ccccc1,19.0,0.0,1
ClI,17.51,0.0,1
ClN=C=O,221.0,0.0,1
ClN=O,51.71,0.0,1
ClOCl,87.86,0.0,1
ClP(Cl)Cl,-288.7,0.0,1
ClSCl,-17.57,0.0,1
ClSSCl,-16.74,0.0,1
Cl[2H],-93.35,0.0,1
Cl[C@H]1[C@H](Cl)[C@@H](Cl)[C@@H](Cl)[C@H](Cl)[C@H]1Cl,-295.8,0.0,1
Cl[S](Cl)(=O)=O,-354.8,0.0,1
Cl[SiH2]Cl,-320.49,0.0,1
Cl[SiH](Cl)Cl,-496.22,0.0,1
Cl[Si](Cl)(Cl)Cl,-662.75,0.0,1
Cl\C=C/Cl,1.4233,3.883,3
Cl\C=C\Cl,0.35,1.9092,2
Clc1c(Cl)c(Cl)c(Cl)c(Cl)c1Cl,-44.7,0.0,1
Clc1cc(Cl)c(Cl)c(Cl)c1,-34.9,0.0,1
Clc1cc(Cl)c(Cl)c(Cl)c1Cl,-40.0,0.0,1
Clc1cc(Cl)c(Cl)cc1Cl,-32.62,0.0,1
Clc1cc(Cl)cc(Cl)c1,-7.98,7.6085,2
Clc1ccc(Cl)c(Cl)c1,-1.575,9.157,2
Clc1ccc(Cl)c(Cl)c1Cl,-25.4,0.0,1
Clc1ccc(Cl)cc1,24.6,0.0,1
Clc1ccc(cc1)c2ccc(Cl)cc2,120.0,0.0,1
Clc1ccc2Oc3ccccc3Oc2c1,-74.1,0.0,1
Clc1ccc2ccccc2c1,137.0,0.0,1
Clc1cccc(Cl)c1,28.1,0.0,1
Clc1cccc(Cl)c1Cl,5.99,3.1254,2
Clc1cccc2ccccc12,115.0,0.0,1
Clc1ccccc1,54.42,0.0,1
Clc1ccccc1Cl,33.0,0.0,1
Clc1ccccc1c2ccccc2Cl,127.9,0.0,1
Cn1c2CCCCc2c3ccccc13,93.1,0.0,2
Cn1c2ccccc2c3ccccc13,199.7667,1.0693,3
Cn1c2ccccc2cc3c1cc4ccccc34,337.0,0.0,1
Cn1cccc1,103.1,0.0,1
Cn1cnnn1,322.9,0.0,1
Cn1ncnn1,328.4,0.0,1
Cn1nnc(C)n1,251.2,0.0,1
Cn1nnnc1C,273.2,0.0,1
F,-272.925,0.5303,2
FB(Cl)Cl,-644.34,0.0,1
FB(F)B(F)F,-1431.77,0.0,1
FB(F)Cl,-885.33,0.0,1
FB(F)F,-1135.81,0.2687,2
FB(F)OB(F)F,-1898.08,0.0,1
FB1OB(F)OB(F)O1,-2365.22,0.0,1
FB1OBOB(F)O1,-1987.4,0.0,1
FB1OBOBO1,-1598.29,0.0,1
FBBr,-240.58,0.0,1
FBCl,-313.8,0.0,1
FBF,-733.87,0.0,1
FBr,-58.46,0.0,1
FC#C,125.52,0.0,1
FC(=C(C(F)(F)F)C(F)(F)F)C(F)(F)C(F)(F)F,-2499.0,0.0,1
FC(=C(F)C(F)(F)F)C(F)(F)F,-1631.0,0.0,1
FC(Cl)=O,-426.77,0.0,1
FC(Cl)C(F)(F)Br,-654.7,0.0,1
FC(Cl)Cl,-283.26,0.0,1
FC(F)(Cl)C(F)(Cl)Cl,-726.8,0.0,1
FC(F)(Cl)C(F)(F)C(Cl)(Cl)OC(F)(F)C(F)(Cl)Cl,-1752.5,0.0,1
FC(F)(Cl)C(F)(F)Cl,-933.5,4.9497,2
FC(F)(Cl)OC(F)(F)C(F)(Cl)Cl,-1325.8,0.0,1
FC(F)(F)C(=C(C(F)(F)C(F)(F)F)C(F)(C(F)(F)F)C(F)(F)F)C(F)(F)F,-3753.3,0.0,1
FC(F)(F)C(=O)C(F)(F)F,-1433.0,0.0,1
FC(F)(F)C(=O)CC(=O)c1ccccc1,-868.6667,5.6616,3
FC(F)(F)C(=O)\C=C(S)\c1sccc1,-630.3,0.0,1
FC(F)(F)C(Cl)Br,-699.9,0.0,1
FC(F)(F)C(F)(C(F)(F)F)C(F)(F)C(F)(F)C(F)(F)C(F)(F)C(F)(C(F)(F)F)C(F)(F)F,-4639.1,0.0,1
FC(F)(F)C(F)(Cl)C(F)(F)Cl,-1349.0,0.0,1
FC(F)(F)C(F)(F)C(F)(F)C(F)(F)C(F)(F)C(F)(F)C(F)(F)F,-3385.4,0.0,1
FC(F)(F)C(F)(F)C(F)(F)C(F)(F)F,-2156.0,0.0,1
FC(F)(F)C(F)(F)C(F)(F)C(F)(F)N(C(F)(F)C(F)(F)C(F)(F)C(F)(F)F)C(F)(F)C(F)(F)C(F)(F)C(F)(F)F,-5583.5,0.0,1
FC(F)(F)C(F)(F)C(F)(F)F,-1784.7,0.0,1
FC(F)(F)C(F)(F)C1CCCCC1,-3302.1,0.0,1
FC(F)(F)C(F)(F)Cl,-1114.0,0.0,1
FC(F)(F)C(F)(F)F,-1338.58,7.3846,5
FC(F)(F)C(F)(F)N(C(F)(F)C(F)(F)F)C(F)(F)C(F)(F)F,-3138.0,0.0,1
FC(F)(F)C1(F)C(F)(F)C(F)(F)C(F)(F)C(F)(F)C1(F)F,-2897.2,0.0,1
FC(F)(F)C=C,-614.2,0.0,1
FC(F)(F)CBr,-695.0,0.0,1
FC(F)(F)CCOCCC(F)(F)F,-1604.4,0.0,1
FC(F)(F)CI,-648.7,0.0,1
FC(F)(F)Cc1ccccc1,-623.85,0.0,1
FC(F)(F)Cl,-710.0,0.0,1
FC(F)(F)F,-930.0,0.0,1
FC(F)(F)I,-588.455,0.9263,2
FC(F)(F)OOC(F)(F)F,-1507.0,0.0,1
FC(F)(F)[N+]#[C-],-417.0,0.0,1
FC(F)(F)[S](F)(F)(F)(F)F,-1717.05,0.0,1
FC(F)(F)c1ccccc1,-581.03,0.0,1
FC(F)(I)C(F)(F)I,-667.0,0.0,1
FC(F)(c1ccccc1)C(F)(F)c2ccccc2,-689.0,0.0,1
FC(F)=C,-334.3333,9.5044,3
FC(F)=C(F)C(F)(F)F,-1151.7,0.0,1
FC(F)=O,-639.8,0.8544,3
FC(F)Br,-425.3,0.0,1
FC(F)C(F)(F)COC(C(F)(F)F)C(F)(F)F,-2330.5,0.0,1
FC(F)CCc1ccccc1,-414.4,0.0,1
FC(F)Cl,-482.29,1.0041,2
FC(F)F,-694.4167,3.239,3
FC(c1ccccc1)C(F)(F)c2ccccc2,-462.2,0.0,1
FC(c1ccccc1)c2ccccc2,-42.6,0.0,1
FC1(F)C(F)(F)C(F)(F)C1(F)F,-1488.0,0.0,1
FC1(F)C(F)(F)C(F)(F)[C@@]2(F)C(F)(F)C(F)(F)C(F)(F)C(F)(F)[C@@]2(F)C1(F)F,-3624.1,0.0,1
FC1(F)C(F)(F)C(F)(F)[C@@]2(F)C(F)(F)C(F)(F)C(F)(F)[C@]2(F)C1(F)F,-3217.0,0.0,1
FC1(F)C(F)(F)C(F)(F)[C@]2(F)C(F)(F)C(F)(F)C(F)(F)C(F)(F)[C@@]2(F)C1(F)F,-3644.5,0.0,1
FC1(F)C(F)(F)C(F)(F)[C@]2(F)C(F)(F)C(F)(F)C(F)(F)[C@]2(F)C1(F)F,-3212.2,0.0,1
FC1(F)C2=C(C(F)(F)C(F)(F)C1(F)F)C(F)(F)C(F)(F)C(F)(F)C2(F)F,-3203.6,0.0,1
FC1(F)CC1(F)F,-650.0,0.0,1
FC1=C(F)C(F)(F)C(F)(F)C(F)(F)C1(F)F,-1934.0,2.1213,2
FC1CCCCC1,-336.6,0.0,1
FC=C,-136.0,0.0,1
FC=C(F)F,-474.0,0.0,1
FCC(F)F,-691.0,0.0,1
FCCl,-261.92,0.0,1
FCF,-451.435,1.096,2
FCc1ccccc1,-126.27,0.0,1
FCl,-50.29,0.0,1
FN(F)C(F)(F)N(F)F,-455.3,0.0,1
FN(F)C(F)(N(F)F)N(F)C(F)(N(F)F)N(F)F,-353.0,0.0,1
FN(F)C(F)(N(F)F)N(F)F,-200.1,0.0,1
FN(F)C(N(F)F)(N(F)F)N(F)F,1.5,0.0,1
FN(F)C1(CCCCC1)N(F)F,-174.1,0.0,1
FN(F)Cc1ccccc1,7.0,0.0,1
FN(F)F,-132.09,0.0,1
FN(F)N(F)F,-8.37,0.0,1
FN1C(F)(F)C(F)(F)C(F)(F)C(F)(F)C1(F)F,-1999.35,6.1518,2
FN=C(N(F)F)N(F)F,95.7,0.0,1
FN=NF,74.895,8.8742,2
FN=O,-65.69,0.0,1
FOC(F)(F)OF,-564.0,0.0,1
FOF,24.52,0.0,1
FP(F)F,-958.44,0.0,1
FS,-2064.39,0.0,1
FSBr,-972.82,0.0,1
FSF,-296.65,0.0,1
FSSF,-336.44,0.0,1
F[2H],-275.52,0.0,1
F[C-]1C(F)(F)C(F)(F)C(F)(F)C(F)(F)C1(F)C(F)(F)F,-3000.0,0.0,1
F[C-]=[F+],-177.0,7.0711,2
F[I](F)(F)(F)F,-840.31,0.0,1
F[P](F)(F)(F)F,-1594.41,0.0,1
F[S](Cl)(=O)=O,-556.47,0.0,1
F[S](F)(=O)=O,-758.56,0.0,1
F[S](F)(F)(F)(F)Cl,-1038.89,0.0,1
F[S](F)(F)(F)(F)F,-1220.47,0.0,1
F[S](F)(F)F,-763.16,0.0,1
F[S](F)=O,-543.92,0.0,1
F[S](F)=S,-401.41,0.0,1
F[Si-]=[F+],-587.85,0.0,1
F[SiH2]F,-790.78,0.0,1
F[SiH3],-376.56,0.0,1
F[SiH](F)F,-1200.81,0.0,1
F[Si](Cl)(Cl)Cl,-840.98,0.0,1
F[Si](F)(F)Cl,-1317.96,0.0,1
F[Si](F)(F)F,-1614.97,0.0424,2
F[Si](F)=O,-966.5,0.0,1
Fc1c(F)c(F)c(Cl)c(F)c1F,-809.6,0.0,1
Fc1c(F)c(F)c(c(F)c1F)c2c(F)c(F)c(F)c(F)c2F,-1264.2,0.0,1
Fc1cc(F)c(F)c(F)c1F,-806.0,0.0,1
Fc1cc(F)c(F)cc1F,-646.8,0.0,1
Fc1ccc(F)cc1,-306.7,0.0,1
Fc1ccc(cc1)c2ccc(F)cc2,-205.4,0.0,1
Fc1cccc(F)c1,-309.2,0.0,1
Fc1cccc(c1)C(F)(F)F,-792.2,0.0,1
Fc1ccccc1F,-283.0,0.0,1
Fc1ccccc1c2ccccc2F,-200.7,0.0,1
I,26.43,0.099,2
IB(I)I,71.13,0.0,1
IBI,242.67,0.0,1
IC#N,225.27,0.9475,2
IC(=O)c1ccccc1,10.5,0.7071,2
IC(I)(I)I,267.94,0.0,1
IC1CC(I)C1,193.0,0.0,1
ICC=C,94.2,4.9122,3
ICCCCI,29.0,0.0,1
ICCCI,44.6,0.8485,2
ICCI,70.05,4.5962,2
ICI,120.0,2.8284,2
ICc1ccccc1,127.3,0.0,1
II,62.42,0.0,2
IN=O,112.13,0.0,1
I[SiH2]I,-38.07,0.0,1
I[SiH](I)I,-74.48,0.0,1
I[Si]#[I],92.47,0.0,1
I\C=C/I,207.4,0.0,1
Ic1ccc2ccccc2c1,235.0,0.0,1
Ic1cccc2ccccc12,234.0,0.0,1
Ic1ccccc1,165.0,0.0,1
Ic1ccccc1I,252.0,0.0,1
N#CC#CC#N,531.38,2.9416,2
N#CC(C#N)(C#N)C#N,672.8,0.0,1
N#CC(C#N)=C1C=CC(C=C1)=C(C#N)C#N,770.55,0.7778,2
N#CC(C1CC1)(C2CC2)C(C#N)(C3CC3)C4CC4,537.0,0.0,1
N#CC(N1CCCCC1)c2ccccc2,190.1,0.0,1
N#CC1(C#N)C2CC(C=C2)C1(C#N)C#N,738.9,0.0,1
N#CC1(C#N)C2CCC(C=C2)C1(C#N)C#N,687.4,0.0,1
N#CC1(CCCCC1)N2CCCCC2,3.53,0.0,1
N#CC12CC1C2,304.5,0.0,1
N#CC12CC3CC(CC(C3)C1)C2,-14.25,9.5459,2
N#CC12CCC(CC1)C2,75.2,0.0,1
N#CC12CCC1C2,272.0,0.0,1
N#CC12CCCC1C2,142.0,0.0,1
N#CC1=CCCC1,141.8,0.0,1
N#CC1CC1,181.65,1.4849,2
N#CC1CCC1,145.15,3.0406,2
N#CC1CCC=C1,156.4,0.0,1
N#CC1CCCC1,44.8433,3.5883,3
N#CC1CCCC=C1,109.7,0.0,1
N#CC1CCCCC1,-5.42,2.5739,2
N#CCC#N,266.15,0.2121,2
N#CCC(C#N)C#N,520.4,0.0,1
N#CCCC#N,209.7,0.0,1
N#CCCCCC#N,149.0,0.0,1
N#CCN1CCCCC1,83.0,0.0,1
N#C[C@@H]1CC2CCC1C=C2,153.0,0.0,1
N#C[C@H]1CC2CCC1C=C2,151.0,0.0,1
N#C\C=C\C#N,340.0,0.0,1
N#Cc1cc(cc(c1)C#N)C#N,509.6,0.0,1
N#Cc1ccc(cc1)C#N,357.7,0.8485,2
N#Cc1cccc(c1)C#N,362.7,0.0,1
N#Cc1ccccc1,219.0,0.0,2
N#Cc1ccccc1C#N,365.9333,3.4298,3
N#Cc1ccccn1,280.7,0.0,1
N#Cc1cccnc1,271.65,8.8388,2
N#Cc1ccncc1,283.5,0.0,1
N#Cc1cscn1,293.8,0.0,1
N#P,104.78,0.0,1
N([2H])([2H])[2H],-58.58,0.0,1
N(c1ccccc1)c2ccccc2,202.0,0.0,1
N1c2ccccc1cccc2,367.0,0.0,1
N1c2ccccc2Oc3ccccc13,94.0,0.0,1
N1c2ccccc2Sc3ccccc13,278.2,0.0,1
N=C1C=CNC=C1,129.9,0.0,1
N=C=O,-99.335,3.3022,2
N=O,99.58,0.0,1
NC(=O)C(N)=O,-387.1,0.0,1
NC(=O)C(O)=O,-552.3,0.0,1
NC(=S)C(N)=S,83.0,0.0,1
NC(C(O)=O)c1ccccc1,-280.5,0.0,1
NC(O)=N,-235.5,0.0,1
NC(S)=N,22.9,0.0,1
NC1CC1,77.07,0.0,1
NC1CCC1,41.0,0.0,1
NC1CCCC1,-54.86,0.0,1
NC1CCCCC1,-101.8,4.3841,2
NCC(O)=O,-390.5,0.0,1
NCCC#N,89.75,0.0,1
NCCC(O)=O,-424.0,0.0,1
NCCCC(O)=O,-441.0,0.0,1
NCCCCC(O)=O,-460.2,0.0,1
NCCCCCC(O)=O,-482.4,0.0,1
NCCCCCCCC(O)=O,-524.0,0.0,1
NCCN,-17.0,0.0,1
NNC(S)=N,128.2,0.0,1
NNC(S)=NN,260.2,0.0,1
N[2H],375.31,0.0,1
Nc1c(Br)cc(Br)cc1Br,159.0,0.0,1
Nc1ccc(O)cc1,-86.0,6.364,2
Nc1ccc(cc1)C(O)=O,-293.9,0.0,1
Nc1ccc(cc1)[N+]([O-])=O,55.2,0.0,1
Nc1ccc2ncccc2c1,206.1,0.0,1
Nc1cccc(O)c1,-94.0,6.5054,2
Nc1cccc(c1)C(O)=O,-289.3,0.0,1
Nc1cccc(c1)[N+]([O-])=O,62.5,0.0,1
Nc1cccc2cccnc12,187.6,0.0,1
Nc1cccc2ncccc12,210.6,0.0,1
Nc1ccccc1,83.806,2.4059,5
Nc1ccccc1C(O)=O,-296.2,0.0,1
Nc1ccccc1c2ccccc2,184.41,0.0,1
Nc1ccccn1,118.1,0.0,1
Nc1cccnc1,144.2,0.0,1
Nc1cnc2ccccc2c1,208.4,0.0,1
Nn1cnnn1,323.8,0.0,1
O([2H])[2H],-249.2,0.0,1
O/C=C/C=C,-88.0,0.0,1
O1c2ccccc1cccc2,200.0,0.0,1
O1c2ccccc2Oc3ccccc13,-59.2,0.0,3
O1c2ccccc2Sc3ccccc13,125.8,0.0,1
O=C(C#N)c1ccccc1,117.5,0.0,1
O=C(CC#N)c1ccccc1,70.12,0.0,1
O=C(CC(=O)c1ccccc1)c2ccccc2,-109.2,0.0,1
O=C(CCC#N)c1ccccc1,30.0,0.0,1
O=C(OC(=O)c1ccccc1)c2ccccc2,-319.0,0.0,1
O=C(OC1CCCCC1)OC2CCCCC2,-764.0,0.0,1
O=C(OOC(=O)c1ccccc1)OC2CCCCC2,-645.3,0.0,1
O=C(OOC(=O)c1ccccc1)Oc2ccccc2,-393.0,0.0,1
O=C(OOC(=O)c1ccccc1)c2ccccc2,-276.85,6.8589,2
O=C(Oc1ccccc1)C(=O)Oc2ccccc2,-437.2,0.0,1
O=C(Oc1ccccc1)Oc2ccccc2,-311.0,0.0,1
O=C(Oc1ccccc1)c2ccccc2,-148.0,5.2915,3
O=C(c1ccccc1)c2ccccc2,49.9,0.0,1
O=C1C(=O)c2ccccc2c3ccccc13,-46.6,0.0,1
O=C1C2=Cc3ccccc3C=C1CCCCC2,137.0,0.0,1
O=C1C2=Cc3ccccc3C=C1CCCCCCCCCCCC2,-160.0,0.0,1
O=C1C2CC3CC(C2)CC1C3,-231.0,0.0,1
O=C1C2CCC1CC2,-134.0,0.0,1
O=C1C2CCCC1CC2,-193.0,0.0,1
O=C1C2CCCC1CCC2,-240.0,0.0,1
O=C1C=CC(=O)c2ccccc12,-97.5,0.0,1
O=C1C=CCC=C1,-50.0,0.0,1
O=C1C=CNC=C1,-35.55,7.4246,2
O=C1C=CNc2ccccc12,20.8,0.0,1
O=C1C=COc2ccccc12,-148.5,0.0,1
O=C1CC(SC(C1)c2ccccc2)c3ccccc3,84.1,0.0,1
O=C1CC1,16.0,0.0,1
O=C1CC2CCC(C2)C1,-221.0,0.0,1
O=C1CC2CCC1C2,-170.6,0.0,1
O=C1CC2CCC1CC2,-220.0,2.8284,2
O=C1CC2CCCC(C2)C1,-254.0,0.0,1
O=C1CC=CC=C1,-70.0,0.0,1
O=C1CCC(=O)CC1,-332.6,0.0,1
O=C1CCC(=O)O1,-527.9,0.0,1
O=C1CCC1,-96.3,6.6468,2
O=C1CCC2CCC1C2,-218.0,0.0,1
O=C1CCCC(=O)C1,-335.6,0.0,1
O=C1CCCC(=O)O1,-532.4,0.0,1
O=C1CCCC1,-195.0667,2.2121,3
O=C1CCCCC1,-227.7,2.4166,4
O=C1CCCCC1C2=CCCCC2,-219.5,0.0,1
O=C1CCCCC1C2CCCCC2,-324.0,0.0,1
O=C1CCCCCC1,-247.5,0.7071,2
O=C1CCCCCCC1,-272.1,0.1414,2
O=C1CCCCCCCC1,-279.7,0.0,1
O=C1CCCCCCCCC1,-305.1,0.0,1
O=C1CCCCCCCCCC1,-322.0,0.0,1
O=C1CCCCCCCCCCC1,-354.2,7.2125,2
O=C1CCCCCCCCCCCCO1,-569.0,0.0,1
O=C1CCCCCCCCCCCO1,-540.0,0.0,1
O=C1CCCCCCCCCCO1,-517.0,0.0,1
O=C1CCCCCCCCO1,-470.0,0.0,1
O=C1CCCCCCCO1,-434.0,0.0,1
O=C1CCCCCCC\C=C/CCCCCCC1,-408.0,0.0,1
O=C1CCCCCCO1,-411.0,0.0,1
O=C1CCCCCO1,-396.0,0.0,1
O=C1CCCCO1,-377.8,2.5456,2
O=C1CCCC[C]1=[C]2CC[CH2]CC2,-213.8,0.0,1
O=C1CCCO1,-368.462,5.4138,5
O=C1CCCS1,-196.2,0.0,1
O=C1CCCSC1,-133.0,0.0,1
O=C1CCO1,-284.0,1.9053,3
O=C1CCSC1,-135.3,0.0,1
O=C1CCSCC1,-155.0,0.0,1
O=C1CC[C@@H]2CCC[C@H]12,-230.0,0.0,1
O=C1CC[C@H]2CCC[C@H]12,-207.0,0.0,1
O=C1COC(=O)CO1,-613.1667,2.1079,3
O=C1C[C@@H]2CCCC[C@@H]2C1,-249.6,0.0,1
O=C1C[C@@H]2CCCC[C@H]2C1,-249.2,0.0,1
O=C1OC2CCC1CC2,-396.6,0.0,1
O=C1OC=CO1,-418.61,0.0,1
O=C1OCCO1,-503.0,0.0,1
O=C1Oc2ccccc2C=C1,-176.8,0.0,1
O=C1SC=CS1,-15.0,0.0,1
O=C1SCCS1,-125.9,0.0,1
O=C1c2ccccc2C(=O)c3ccccc13,-75.7,0.0,1
O=C1c2ccccc2Cc3ccccc13,23.4,0.0,1
O=C1c2ccccc2Nc3ccccc13,34.6,0.0,1
O=C1c2ccccc2Oc3ccccc13,-95.55,3.7477,2
O=C1c2ccccc2Sc3ccccc13,94.3,0.0,1
O=C1c2ccccc2c3ccccc13,52.3,0.0,1
O=C=C=C=O,-95.72,2.9416,2
O=C=CC#N,100.0,0.0,1
O=C=Nc1ccc(Cc2ccc(cc2)N=C=O)cc1,189.0,0.0,1
O=C=Nc1ccccc1,-18.3,5.374,2
O=C=O,-393.515,0.0071,2
O=C=S,-138.8033,0.3406,3
O=CC=O,-212.0,0.0,1
O=COc1ccccc1,-215.7,0.0,1
O=C\C=C\c1occc1,-106.0,0.0,1
O=Cc1ccccc1,-36.932,2.53,5
O=Cc1occc1,-149.085,3.2834,4
O=NN1CCCCC1,17.0,0.0,1
O=NN1CCN(CC1)N=O,194.0,0.0,1
O=NN1CCOCC1,-88.0,0.0,1
O=NN1CN(CN(C1)N=O)N=O,395.0,0.0,1
O=Nc1ccccc1,201.0,0.0,1
O=S,5.01,0.0,1
O=[S](=O)(/C=C/c1ccccc1)c2ccccc2,-35.0,0.0,1
O=[S](=O)(CC#C)c1ccccc1,36.0,0.0,1
O=[S](=O)(Cc1ccccc1)Cc2ccccc2,-157.1,0.0,1
O=[S](=O)(c1ccccc1)[S](=O)(=O)c2ccccc2,-481.3,0.0,1
O=[S](=O)(c1ccccc1)c2ccccc2,-118.7,0.0,1
O=[S](=O)=O,-395.77,0.0,1
O=[S](c1ccccc1)c2ccccc2,107.0,0.0,1
O=[S]1(=O)CC=C1,-124.0,0.0,1
O=[S]1(=O)CC=CC1,-255.9,0.4243,2
O=[S]1(=O)CCC=C1,-262.0,0.0,1
O=[S]=O,-296.825,0.0212,2
O=[S]=S,-56.48,0.0,1
O=[Si]=O,-305.43,0.0,1
OB(F)F,-1083.66,0.0,1
OB(O)O,-992.28,0.0,1
OB1OB(O)OB(O)O1,-2271.92,0.0,1
OC#C,41.6,0.0,1
OC(=C)C#C,83.0,0.0,1
OC(=C)C=C,-77.0,0.0,1
OC(=C)c1ccccc1,-46.0,0.0,1
OC(=C/C(=O)C(F)(F)F)\c1sccc1,-862.4,0.0,1
OC(=N)C12CC3CC(CC(C3)C1)C2,-319.0,0.0,1
OC(=N)C=C,-130.2,0.0,1
OC(=N)CC(O)=N,-416.4,0.0,1
OC(=N)NC(O)=N,-437.0,0.0,1
OC(=N)c1ccccc1,-100.9,0.0,1
OC(=O)C(=O)c1ccccc1,-388.7,0.0,1
OC(=O)C(Cl)(Cl)Cl,-433.67,0.0,1
OC(=O)C(F)(F)F,-1024.7,9.4752,2
OC(=O)C1(CCC1)C(O)=O,-724.5,0.0,1
OC(=O)C12C3C4CC5C3C1C5C24,3.0,0.0,1
OC(=O)C=C,-330.7667,6.1003,3
OC(=O)CNc1ccccc1,-268.7,0.0,1
OC(=O)OCC1CCCCC1,-663.2,0.0,1
OC(=O)[C@H]1CCCN1,-366.2,0.0,1
OC(=O)c1c(F)c(F)c(F)c(F)c1F,-1148.4,0.0,1
OC(=O)c1ccc(Br)cc1,-279.3,9.4694,3
OC(=O)c1ccc(Cl)cc1,-324.8,0.0,1
OC(=O)c1ccc(I)cc1,-221.8,8.7681,2
OC(=O)c1ccc(O)cc1,-486.55,8.556,2
OC(=O)c1ccc2ccccc2c1,-232.5,0.0,1
OC(=O)c1ccc[n+]([O-])c1,-225.1,0.0,1
OC(=O)c1cccc(Cl)c1,-321.8,0.0,1
OC(=O)c1cccc(I)c1,-219.0,0.0,1
OC(=O)c1cccc(O)c1,-467.3,2.5456,2
OC(=O)c1cccc2ccccc12,-223.1,0.0,1
OC(=O)c1ccccc1Br,-252.15,7.4246,2
OC(=O)c1ccccc1Cl,-304.2,0.0,1
OC(=O)c1ccccc1I,-202.8,0.0,1
OC(=O)c1ccccc1O,-492.7333,3.4487,3
OC(=O)c1cccnc1,-221.5,0.0,1
OC(=O)c1occc1,-392.75,3.182,2
OC(C(O)=O)C(O)=O,-952.0,0.0,1
OC(CNc1ccccc1)COc2ccccc2,-185.0,0.0,1
OC(COc1ccccc1)CN(CC(O)COc2ccccc2)c3ccccc3,-436.8,0.0,1
OC(O)(C(F)(F)F)C(F)(F)F,-1551.0,0.0,1
OC1(C2CC1C2)c3ccccc3,135.8,0.0,1
OC12CC3C4CC5CC3C(C1)C(C5)C4C2,-317.1,0.0,1
OC12CC3CC(CC(C3)C1)C2,-311.0,0.0,2
OC12CC3CC4C5CC(CC14)CC2C5C3,-310.9,0.0,1
OC1=C(O)C(=O)C1=O,-515.0,0.0,1
OC1=CC=CC=CC1=O,-155.5,0.7071,2
OC1=NC(=O)CC1,-368.85,9.4045,2
OC1=NC(=O)CCC1,-393.6,0.0,1
OC1=NC(=O)N=C(O)C1,-509.7,0.0,1
OC1=NC=CC(=N)N1,-59.0,0.0,1
OC1=NCC1,-96.0,0.0,1
OC1=NCCC1,-197.4,0.0,1
OC1=NCCCCC1,-239.6,0.0,1
OC1C2CC3C4CC5CC3C1C(C5)C4C2,-297.6,0.0,1
OC1C2CC3CC(C2)CC1C3,-299.0,0.0,1
OC1C2CCC1CC2,-218.0,0.0,1
OC1CC2CCC1CC2,-285.0,0.0,1
OC1CCC1,-145.0,0.0,1
OC1CCCC1,-242.8333,0.2082,3
OC1CCCCC1,-290.0,0.0,1
OC=C,-121.3333,9.0738,3
OC=N,-186.0,0.0,1
OC=O,-378.72,0.3701,5
OCC(Cl)CCl,-316.0,0.0,1
OCC(F)(F)C(F)(F)C(F)(F)C(F)(F)CO,-2084.0,0.0,1
OCC(O)CO,-577.4,0.7071,2
OCC1CCCO1,-369.0,0.0,1
OCC1OCCCO1,-554.0,0.0,1
OCC=C,-123.6,0.0,1
OCCCCCCCCCO,-508.9,0.0,1
OCCCCCCCCO,-487.3,0.0,1
OCCCCCCCO,-477.6,0.0,1
OCCCCCO,-445.1667,3.5473,3
OCCCCO,-426.5,0.7071,2
OCCN(CCO)CCO,-558.3,0.0,1
OCCNCCO,-397.1,0.0,1
OCCO,-389.9,2.745,5
OCc1ccccc1,-103.925,8.1774,4
OCc1occc1,-212.1333,0.4163,3
OCl,-74.48,0.0,1
OF,-98.32,0.0,1
ON=C1CCCCC1,-74.88,0.0,1
ON=C1CCCCC1=NO,-69.66,0.0,1
ON=O,-76.73,0.0,1
OO,-136.11,0.0,1
OOC1CCCCC1,-214.9,0.0,1
OSC#C,102.0,0.0,1
OSc1ccccc1,-34.0,0.0,1
O[2H],-245.37,0.0,1
O[C@H]1C[C@@H]2C[C@H]1C3[C@@H]4CC[C@@H](C4)C23,-185.2,0.0,1
O[C@H]1C[C@H]2C[C@@H]1C3[C@@H]4CC[C@@H](C4)C23,-218.0,0.0,1
O[C@H]1C[C@H]2C[C@@H]1C3[C@H]4CC[C@H](C4)C23,-209.0,0.0,1
O[N+]([O-])=O,-134.31,0.0,1
O[P+](O)(F)[S-],-1009.07,0.0,1
O[P+](O)([S-])Br,-281.05,0.0,1
O[S](F)(=O)=O,-753.12,0.0,1
O[S](O)(=O)=O,-735.13,0.0,1
O\C=C/C=C,-90.0,0.0,1
O\C=C/O,-316.0,0.0,1
Oc1c(Br)cc(Br)c2cccnc12,76.8,0.0,1
Oc1c(Br)cc(Br)cc1Br,-0.9,0.0,1
Oc1c(Br)cc(Cl)c2cccnc12,-14.5,0.0,1
Oc1c(Cl)cc(Cl)c2cccnc12,-48.8,0.0,1
Oc1c(Cl)cccc1Cl,-146.3,0.0,1
Oc1c(F)c(F)c(F)c(F)c1F,-957.1,0.0,1
Oc1c(I)cc(I)c2cccnc12,220.3,0.0,1
Oc1c(ccc2ccccc12)N=O,-5.44,0.0,1
Oc1cc(Cl)cc(Cl)c1,-148.2,0.0,1
Oc1cc(Cl)ccc1Cl,-158.4,0.0,1
Oc1cc(O)c2ccccc2c1,-211.2,0.0,1
Oc1cc(O)cc(O)c1,-452.9,0.0,1
Oc1ccc(Cc2ccccc2)cc1,63.51,0.0,1
Oc1ccc(Cl)c(Cl)c1,-150.3,0.0,1
Oc1ccc(Cl)c2cccnc12,-25.5,0.0,1
Oc1ccc(Cl)cc1Cl,-156.3,0.0,1
Oc1ccc(N=O)c2ccccc12,-20.4,0.0,1
Oc1ccc(O)c(O)c1,-444.0,0.0,1
Oc1ccc(O)c2C(=O)C=CC(=O)c12,-499.1,0.0,1
Oc1ccc(O)c2C(=O)c3ccccc3C(=O)c12,-471.0,0.0,1
Oc1ccc(O)c2ccccc12,-197.0,0.0,1
Oc1ccc(O)cc1,-270.64,4.0104,5
Oc1ccc(c2cccnc12)[N+]([O-])=O,-1.7,0.0,1
Oc1ccc(cc1)[N+]([O-])=O,-116.2,2.1213,2
Oc1ccc(cc1O)[N+]([O-])=O,-290.0,0.0,1
Oc1ccc2ccccc2c1,-24.5667,9.3243,3
Oc1ccc2ccccc2c1N=O,36.0,0.0,1
Oc1ccc2ccccc2c1O,-200.5,0.0,1
Oc1ccc2ccccc2n1,-25.5,0.0,1
Oc1cccc(Cc2ccccc2)c1,48.87,0.0,1
Oc1cccc(Cl)c1Cl,-151.6,0.0,1
Oc1cccc(O)c1,-274.9667,9.75,3
Oc1cccc(O)c1O,-434.2,0.0,1
Oc1cccc(c1)[N+]([O-])=O,-107.4,2.687,2
Oc1cccc(c1)c2ccccc2,21.0,0.0,1
Oc1ccccc1,-95.575,1.0537,4
Oc1ccccc1C=[N+]([O-])c2ccccc2,53.9,0.0,1
Oc1ccccc1Cc2ccccc2,49.71,0.0,1
Oc1ccccc1O,-269.1,5.3185,4
Oc1ccccc1[N+]([O-])=O,-130.55,2.4749,2
Oc1ccccc1c2ccccc2,17.0,0.0,1
Oc1ccccn1,-79.7,0.0,1
Oc1cccnc1,-43.7,0.0,1
Oc1ccnc(O)n1,-303.1,0.0,1
Oc1nc(O)nc(O)n1,-564.1,0.0,2
P#P,143.825,0.2475,2
PBr,162.6,0.0,1
S(Sc1ccccc1)c2ccccc2,245.0,1.4142,2
S(c1ccccc1)c2ccccc2,232.0,0.0,1
S1SC(=CC=C1c2ccccc2)c3ccccc3,422.4,0.0,1
S=C1SC2=C(CCCC2)S1,123.6,0.0,1
S=C1SC2CCCCC2S1,25.0,0.0,1
S=C1SC=CS1,253.0,0.0,1
S=C1SCCCS1,77.5,0.0,1
S=C1SCCS1,93.8,0.0,1
S=C1SSC(=C1)c2ccccc2,310.0,0.0,1
S=C1SSC2=C1CCCC2,156.0,0.0,1
S=C1SSc2ccccc12,251.0,0.0,1
S=C1Sc2ccccc2S1,242.0,0.0,1
S=C=S,117.02,0.1131,2
S=S,128.6,0.0,2
SC(c1ccccc1)c2ccccc2,190.0,0.0,1
SC1CCCC1,-47.78,0.0,1
SC1CCCCC1,-95.71,0.0283,2
SCCCCCS,-71.0,0.0,1
SCCCCS,-50.5,0.0,1
SCCCS,-29.8,0.0,1
SCCS,-9.3,0.0,1
SCc1ccccc1,90.4,3.8184,2
Sc1ccccc1,112.4,0.0,1
[C+]#[C-],837.74,0.0,1
[C+]1=C2[C-]=C12,970.69,0.0,1
[C-]#[N+]C12CC3CC(CC(C3)C1)C2,73.1,0.0,1
[C-]#[N+]C12CCC(CC1)C2,165.8,0.0,1
[C-]#[O+],-110.53,0.0,2
[C-]#[S+],280.33,0.0,1
[CH-]=[F+],125.52,0.0,1
[CH2]1CC[C]2(CC1)CC[CH2]CC2,-190.05,2.4749,2
[CH2]=[C]1C=C[CH2]C=C1,150.0,0.0,1
[CH2]=[C]1C[CH](C1)C#N,252.4,0.0,1
[CH2]=[C]=[CH]CC[CH]=[C]=[CH2],369.0,0.0,1
[CH2]=[C]=[CH][S](=O)(=O)c1ccccc1,2.1,0.0,1
[F+]=[P-],-52.25,0.0,1
[Hg],61.38,0.0,2
[N-]=[F+],248.95,0.0,1
[N-]=[N+]=NC#N,450.0,0.0,1
[N-]=[N+]=NC1CCCC1,220.8,0.0,1
[N-]=[N+]=NC1CCCCC1,154.4,0.0,1
[N-]=[N+]=NCc1ccccc1,416.0,0.0,1
[N-]=[N+]=O,82.05,0.0,1
[O+]#[Si-],-100.42,0.0,1
[O-]N=C=C1C=CC(C=C1)=C=[N+]=O,410.5,0.0,1
[O-][C]1=[C]=[CH]C(=[OH+])C=C1,-302.3,0.0,1
[O-][N+](=Cc1ccccc1)c2ccccc2,263.0,0.0,1
[O-][N+](=Nc1ccccc1)c2ccccc2,342.0,0.0,1
[O-][N+](=O)C(Br)([N+]([O-])=O)[N+]([O-])=O,94.6,0.0,1
[O-][N+](=O)C(CN(CC([N+]([O-])=O)([N+]([O-])=O)[N+]([O-])=O)N=O)([N+]([O-])=O)[N+]([O-])=O,147.0,0.0,1
[O-][N+](=O)C(CNCC([N+]([O-])=O)([N+]([O-])=O)[N+]([O-])=O)([N+]([O-])=O)[N+]([O-])=O,47.3,0.0,1
[O-][N+](=O)C(Cc1ccccc1)([N+]([O-])=O)[N+]([O-])=O,65.7,0.0,1
[O-][N+](=O)C(Cl)(CC(Cl)([N+]([O-])=O)[N+]([O-])=O)[N+]([O-])=O,-73.6,0.0,1
[O-][N+](=O)C(Cl)([N+]([O-])=O)C(Cl)([N+]([O-])=O)[N+]([O-])=O,36.0,0.0,1
[O-][N+](=O)C(Cl)([N+]([O-])=O)[N+]([O-])=O,21.0,0.0,1
[O-][N+](=O)C(F)(F)C(F)(F)[N+]([O-])=O,-812.0,0.0,1
[O-][N+](=O)C(F)(F)C(F)([N+]([O-])=O)[N+]([O-])=O,-601.0,0.0,1
[O-][N+](=O)C(F)(F)[N+]([O-])=O,-403.0,0.0,1
[O-][N+](=O)C(F)([N+]([O-])=O)C(F)([N+]([O-])=O)[N+]([O-])=O,-352.0,0.0,1
[O-][N+](=O)C(F)([N+]([O-])=O)C([N+]([O-])=O)([N+]([O-])=O)[N+]([O-])=O,-86.2,0.0,1
[O-][N+](=O)C(F)[N+]([O-])=O,-235.0,0.0,1
[O-][N+](=O)C(I)(CC(I)([N+]([O-])=O)[N+]([O-])=O)[N+]([O-])=O,149.0,0.0,1
[O-][N+](=O)C(I)([N+]([O-])=O)[N+]([O-])=O,163.0,0.0,1
[O-][N+](=O)C([N+]([O-])=O)([N+]([O-])=O)C([N+]([O-])=O)([N+]([O-])=O)[N+]([O-])=O,179.0,0.0,1
[O-][N+](=O)C([N+]([O-])=O)([N+]([O-])=O)[N+]([O-])=O,82.0,0.0,1
[O-][N+](=O)C(c1ccccc1)[N+]([O-])=O,35.0,0.0,1
[O-][N+](=O)C1(C#N)C2CC3CC(C2)CC1C3,-21.0,0.0,1
[O-][N+](=O)C1(C2CC3CC(C2)CC1C3)[N+]([O-])=O,-154.3,0.0,1
[O-][N+](=O)C12CC3CC(CC(C3)C1)C2,-191.1,0.0,1
[O-][N+](=O)C1=NOCC1,39.0,0.0,1
[O-][N+](=O)C1=[N+]([O-])OCC1,20.0,0.0,1
[O-][N+](=O)C1C2CC3CC(C2)CC1C3,-179.8,0.0,1
[O-][N+](=O)C[N+]([O-])=O,-58.9,0.0,1
[O-][N+](=O)Cc1ccccc1,30.7,0.0,1
[O-][N+](=O)N(CC([N+]([O-])=O)([N+]([O-])=O)[N+]([O-])=O)CC([N+]([O-])=O)([N+]([O-])=O)[N+]([O-])=O,89.6,0.0,1
[O-][N+](=O)N1CCCCC1,-44.0,0.0,1
[O-][N+](=O)N1CCN(CC1)[N+]([O-])=O,58.0,0.0,1
[O-][N+](=O)N1CCOCC1,-131.0,0.0,1
[O-][N+](=O)N1CN(CN(C1)[N+]([O-])=O)[N+]([O-])=O,192.0,0.0,1
[O-][N+](=O)N=O,82.84,0.0,1
[O-][N+](=O)Nc1n[nH]nn1,252.0,0.0,1
[O-][N+](=O)OCC(CO[N+]([O-])=O)O[N+]([O-])=O,-279.1,0.0,1
[O-][N+](=O)OCN1ONC=C1CO[N+]([O-])=O,11.0,0.0,1
[O-][N+](=O)OF,10.46,0.0,1
[O-][N+](=O)O[N+]([O-])=O,11.3,0.0,1
[O-][N+](=O)[N+]([O-])=O,9.08,0.0,1
[O-][N+](=O)c1cc(c(\C=C\c2c(cc(cc2[N+]([O-])=O)[N+]([O-])=O)[N+]([O-])=O)c(c1)[N+]([O-])=O)[N+]([O-])=O,238.4,0.0,1
[O-][N+](=O)c1cc[n+]([O-])cc1,126.0,0.0,1
[O-][N+](=O)c1ccc(cc1)C(Cl)=O,-100.7,0.0,1
[O-][N+](=O)c1ccc(cc1)N=[N+]=[N-],389.7,0.0,1
[O-][N+](=O)c1cccc2c1no[n+]2[O-],299.9,0.0,1
[O-][N+](=O)c1ccccc1,68.53,0.0,1
[O-][N+](=O)c1ccccc1[N+]([O-])=[N+]([O-])c2ccccc2[N+]([O-])=O,313.0,0.0,1
[O-][N+](=O)c1oc(C=O)cc1,-147.0,0.0,1
[O-][N+](=O)c1occc1,-29.0,0.0,1
[O-][N+](F)(F)F,-163.18,0.0,1
[O-][N+](c1ccccc1)=[N+]([O-])c2ccccc2,328.0,0.0,1
[O-][N+]1=NC2CCC1C2,127.8,0.0,1
[O-][N+]1=NC2CCC1C3CC23,226.1,0.0,1
[O-][N+]1=NC2CCC1C=C2,221.0,0.0,1
[O-][N+]1=NC2CCC1CC2,92.4,0.0,1
[O-][O+]=O,142.67,0.0,1
[O-][P+](Br)(Br)Br,-406.02,0.0,1
[O-][P+](Cl)(Cl)Cl,-559.82,0.0,1
[O-][P+](F)(Cl)Cl,-765.67,0.0,1
[O-][P+](F)(F)Cl,-970.69,0.0,1
[O-][P+](F)(F)F,-1254.25,0.0,1
[O-][n+]1c2ccccc2[n+]([O-])c(c3ccccc3)c1C(=O)c4ccccc4,355.2,0.0,1
[O-][n+]1c2ccccc2nc3ccccc13,297.3,0.0,1
[O-][n+]1cc[n+]([O-])c2ccccc12,227.1,0.0,1
[O-][n+]1ccccc1,87.9,0.0,2
[O-][n+]1onc2CCCCc12,95.31,0.0,1
[O-][n+]1onc2cc(Cl)ccc12,274.7,0.0,1
[O-][n+]1onc2ccccc12,298.5,0.0,1
[S-][P+](Cl)(Cl)Cl,-380.74,0.0,1
[Se]([Se]c1ccccc1)c2ccccc2,237.0,0.0,1
[Si+]#[Si-],589.94,0.0,1
[Si-]#[S+],105.96,0.0,1
[SiH3]Br,-78.24,0.0,1
[SiH3]Cl,-141.84,0.0,1
[SiH3]I,-2.09,0.0,1
[SiH]#[I],313.63,0.0,1
[Si]=1=[Si]=[Si]=1,635.97,0.0,1
[nH]1c2ccccc2c3ccccc13,212.5,9.2957,3
[nH]1cccn1,179.2667,1.8037,3
[nH]1ccnc1,132.425,5.0209,4
[nH]1cnc2ccccc12,181.7,0.0,1
[nH]1cncn1,191.175,2.4322,4
[nH]1ncc2ccccc12,248.6,7.9196,2
[nH]1ncnn1,320.55,0.7778,2
[nH]1nnc(n1)c2ccccc2,410.25,3.8891,2
[nH]1nnc2ccccc12,335.5,0.0,1
[se]1cc(nn1)c2ccccc2,452.3,0.0,1
c12c3c4C5=C1C6=C7C8=C9C%10=C%11C%12=C%13C%14=C%11C%15=C9C%16=C7C%17=C6C%18=C5C%19=C%20c4c%21c%22c3c(c%10c28)C%12=C%22C%23=C%24C%21=C%20C%25=C%26C%19=C%18C%27=C%17c%28c%16c%15c%29C%14=C%30C(=C%13%23)C%24=C%25c%31c%26c%27c%28c%29c%30%31,2560.0,0.0,1
c1cc(ccn1)c2ccncc2,293.1,0.0,1
c1cc2ccc3ccc4ccc5ccc6ccc1c7c2c3c4c5c67,295.0,0.0,1
c1cc2ccc3cccc4ccc(c1)c2c34,220.25,6.1782,4
c1cc2cccc3C=Cc(c1)c23,261.7333,3.2578,3
c1cc2cccc3c4cccc5cccc(c(c1)c23)c45,318.3,0.0,1
c1ccc(cc1)C#Cc2ccccc2,385.0,0.0,1
c1ccc(cc1)C(C(c2ccccc2)c3ccccc3)c4ccccc4,357.0,0.0,1
c1ccc(cc1)C(c2ccccc2)(c3ccccc3)c4ccccc4,395.55,3.6062,2
c1ccc(cc1)C(c2ccccc2)c3ccccc3,276.1,0.0,1
c1ccc(cc1)C=Nc2ccccc2,278.7,0.0,1
c1ccc(cc1)N(c2ccccc2)c3ccccc3,327.0,0.0,1
c1ccc(cc1)N=Nc2ccccc2,407.14,4.7946,5
c1ccc(cc1)\C=C\c2ccccc2,222.4333,2.5146,3
c1ccc(cc1)c2c3ccccc3c(c4ccccc4)c5c(c6ccccc6)c7ccccc7c(c8ccccc8)c25,882.0,0.0,1
c1ccc(cc1)c2c3ccccc3c(c4ccccc4)c5ccccc25,478.3,0.0,1
c1ccc(cc1)c2cc(cc(c2)c3ccccc3)c4ccccc4,371.8,0.0,1
c1ccc(cc1)c2ccc(cc2)c3ccccc3,281.7,3.8184,2
c1ccc(cc1)c2cccc(c2)c3ccccc3,280.0,0.0,1
c1ccc(cc1)c2ccccc2,180.0,0.0,1
c1ccc(cc1)c2ccccc2c3ccccc3,282.8,0.0,1
c1ccc(cc1)n2nnc(n2)c3ccccc3,515.1,0.0,1
c1ccc(cc1)n2nnnc2c3ccccc3,531.3,6.0811,2
c1ccc(nc1)c2cccc(n2)c3ccccn3,394.6,0.0,1
c1ccc(nc1)c2ccncc2,284.2,0.0,1
c1ccc2C3C=CC3c2c1,399.0,0.0,1
c1ccc2C3c4ccccc4C(c2c1)c5ccccc35,322.0,0.0,1
c1ccc2c(c1)C(C3c4ccccc4c5ccccc35)c6ccccc26,330.1,0.0,2
c1ccc2c(c1)c#cc3ccccc23,600.0,0.0,1
c1ccc2c(c1)c3cccc4cccc2c34,291.0667,1.1372,3
c1ccc2c(c1)c3ccccc3c4c5ccccc5c6ccccc6c24,503.0,0.0,1
c1ccc2c(c1)c3ccccc3c4ccccc24,270.1,0.0,1
c1ccc2c(c1)cc(c3ccccc23)c4cc5ccccc5c6ccccc46,364.0,0.0,1
c1ccc2c(c1)cc3ccccc3c2c4c5ccccc5cc6ccccc46,475.0,0.0,1
c1ccc2c(c1)ccc3c4ccccc4ccc23,268.7,0.0,1
c1ccc2c(c1)ccc3cc4c(ccc5ccccc45)cc23,328.0,0.0,1
c1ccc2c(c1)ccc3ccc4ccccc4c23,291.2,0.0,1
c1ccc2c(c1)ccc3ncccc23,233.7,0.0,1
c1ccc2c(c1)cnc3ccccc23,240.5,0.0,1
c1ccc2cc3c(ccc4ccccc34)cc2c1,290.3,0.0,1
c1ccc2cc3c4cccc5cccc(c3cc2c1)c45,306.2,0.0,1
c1ccc2cc3c4ccccc4c5ccccc5c3cc2c1,331.0,0.0,1
c1ccc2cc3cc4ccccc4cc3cc2c1,342.6,0.0,1
c1ccc2cc3ccccc3cc2c1,223.0,0.0,1
c1ccc2cc3ccccc4cc(c1)c2c34,549.8,0.0,1
c1ccc2cc3ncccc3cc2c1,243.5,0.0,1
c1ccc2ccccc2c1,150.0,0.0,1
c1ccc2cnccc2c1,204.305,0.4313,2
c1ccc2nc3ccccc3cc2c1,273.9,0.0,1
c1ccc2nc3ccccc3nc2c1,336.9,7.4987,3
c1ccc2ncccc2c1,200.52,0.0,1
c1ccc2nccnc2c1,240.3,0.0,1
c1ccnnc1,278.4,0.0,1
c1cnccn1,196.1,0.0,1
c1cncnc1,195.85,0.0707,2
c1ncncn1,225.285,0.8273,2
o1c(c2ccccc2)c3ccccc3c1c4ccccc4,203.0,0.0,1
o1c2ccccc2c3ccccc13,47.3,0.0,1
o1c2ccccc2cc3c1cc4ccccc34,200.0,0.0,1
o1ccc(n1)c2ccccc2,139.0,0.0,1
o1ccc2ccccc12,13.6,0.0,1
o1cccc1,-30.7333,3.5921,3
o1cccn1,80.29,2.4183,2
o1ccnc1,-15.5,0.0,1
o1cnc2ccccc12,45.14,0.0,1
o1nccc1c2ccccc2,160.0,0.0,1
s1ccc2ccccc12,166.44,0.2263,2
s1cnc2ccccc12,204.17,0.0,1
